feature,model,task,seed,size,split,metric,value,file
filtered_gnn,mlp,classification,123,10,validation,Accuracy,0.615559,filtered_gnn_mlp_classification_seed-123_size-10.txt
filtered_gnn,mlp,classification,123,10,validation,Precision,0.651391,filtered_gnn_mlp_classification_seed-123_size-10.txt
filtered_gnn,mlp,classification,123,10,validation,Recall,0.573487,filtered_gnn_mlp_classification_seed-123_size-10.txt
filtered_gnn,mlp,classification,123,10,validation,F1,0.609962,filtered_gnn_mlp_classification_seed-123_size-10.txt
filtered_gnn,mlp,classification,123,10,validation,ROC_AUC,0.656079,filtered_gnn_mlp_classification_seed-123_size-10.txt
filtered_gnn,mlp,classification,123,10,test,Accuracy,0.631732,filtered_gnn_mlp_classification_seed-123_size-10.txt
filtered_gnn,mlp,classification,123,10,test,Precision,0.680952,filtered_gnn_mlp_classification_seed-123_size-10.txt
filtered_gnn,mlp,classification,123,10,test,Recall,0.584469,filtered_gnn_mlp_classification_seed-123_size-10.txt
filtered_gnn,mlp,classification,123,10,test,F1,0.629032,filtered_gnn_mlp_classification_seed-123_size-10.txt
filtered_gnn,mlp,classification,123,10,test,ROC_AUC,0.67139,filtered_gnn_mlp_classification_seed-123_size-10.txt
filtered_gnn,mlp,classification,123,100,validation,Accuracy,0.639728,filtered_gnn_mlp_classification_seed-123_size-100.txt
filtered_gnn,mlp,classification,123,100,validation,Precision,0.628402,filtered_gnn_mlp_classification_seed-123_size-100.txt
filtered_gnn,mlp,classification,123,100,validation,Recall,0.76513,filtered_gnn_mlp_classification_seed-123_size-100.txt
filtered_gnn,mlp,classification,123,100,validation,F1,0.690058,filtered_gnn_mlp_classification_seed-123_size-100.txt
filtered_gnn,mlp,classification,123,100,validation,ROC_AUC,0.719167,filtered_gnn_mlp_classification_seed-123_size-100.txt
filtered_gnn,mlp,classification,123,100,test,Accuracy,0.644105,filtered_gnn_mlp_classification_seed-123_size-100.txt
filtered_gnn,mlp,classification,123,100,test,Precision,0.641292,filtered_gnn_mlp_classification_seed-123_size-100.txt
filtered_gnn,mlp,classification,123,100,test,Recall,0.757493,filtered_gnn_mlp_classification_seed-123_size-100.txt
filtered_gnn,mlp,classification,123,100,test,F1,0.694566,filtered_gnn_mlp_classification_seed-123_size-100.txt
filtered_gnn,mlp,classification,123,100,test,ROC_AUC,0.714888,filtered_gnn_mlp_classification_seed-123_size-100.txt
filtered_gnn,mlp,classification,123,20,validation,Accuracy,0.589124,filtered_gnn_mlp_classification_seed-123_size-20.txt
filtered_gnn,mlp,classification,123,20,validation,Precision,0.577801,filtered_gnn_mlp_classification_seed-123_size-20.txt
filtered_gnn,mlp,classification,123,20,validation,Recall,0.802594,filtered_gnn_mlp_classification_seed-123_size-20.txt
filtered_gnn,mlp,classification,123,20,validation,F1,0.671894,filtered_gnn_mlp_classification_seed-123_size-20.txt
filtered_gnn,mlp,classification,123,20,validation,ROC_AUC,0.682117,filtered_gnn_mlp_classification_seed-123_size-20.txt
filtered_gnn,mlp,classification,123,20,test,Accuracy,0.636099,filtered_gnn_mlp_classification_seed-123_size-20.txt
filtered_gnn,mlp,classification,123,20,test,Precision,0.621118,filtered_gnn_mlp_classification_seed-123_size-20.txt
filtered_gnn,mlp,classification,123,20,test,Recall,0.817439,filtered_gnn_mlp_classification_seed-123_size-20.txt
filtered_gnn,mlp,classification,123,20,test,F1,0.705882,filtered_gnn_mlp_classification_seed-123_size-20.txt
filtered_gnn,mlp,classification,123,20,test,ROC_AUC,0.711327,filtered_gnn_mlp_classification_seed-123_size-20.txt
filtered_gnn,mlp,classification,123,50,validation,Accuracy,0.620846,filtered_gnn_mlp_classification_seed-123_size-50.txt
filtered_gnn,mlp,classification,123,50,validation,Precision,0.610599,filtered_gnn_mlp_classification_seed-123_size-50.txt
filtered_gnn,mlp,classification,123,50,validation,Recall,0.763689,filtered_gnn_mlp_classification_seed-123_size-50.txt
filtered_gnn,mlp,classification,123,50,validation,F1,0.678617,filtered_gnn_mlp_classification_seed-123_size-50.txt
filtered_gnn,mlp,classification,123,50,validation,ROC_AUC,0.686024,filtered_gnn_mlp_classification_seed-123_size-50.txt
filtered_gnn,mlp,classification,123,50,test,Accuracy,0.618632,filtered_gnn_mlp_classification_seed-123_size-50.txt
filtered_gnn,mlp,classification,123,50,test,Precision,0.634271,filtered_gnn_mlp_classification_seed-123_size-50.txt
filtered_gnn,mlp,classification,123,50,test,Recall,0.675749,filtered_gnn_mlp_classification_seed-123_size-50.txt
filtered_gnn,mlp,classification,123,50,test,F1,0.654354,filtered_gnn_mlp_classification_seed-123_size-50.txt
filtered_gnn,mlp,classification,123,50,test,ROC_AUC,0.663179,filtered_gnn_mlp_classification_seed-123_size-50.txt
filtered_gnn,mlp,classification,123,500,validation,Accuracy,0.712236,filtered_gnn_mlp_classification_seed-123_size-500.txt
filtered_gnn,mlp,classification,123,500,validation,Precision,0.69587,filtered_gnn_mlp_classification_seed-123_size-500.txt
filtered_gnn,mlp,classification,123,500,validation,Recall,0.801153,filtered_gnn_mlp_classification_seed-123_size-500.txt
filtered_gnn,mlp,classification,123,500,validation,F1,0.744809,filtered_gnn_mlp_classification_seed-123_size-500.txt
filtered_gnn,mlp,classification,123,500,validation,ROC_AUC,0.794122,filtered_gnn_mlp_classification_seed-123_size-500.txt
filtered_gnn,mlp,classification,123,500,test,Accuracy,0.695051,filtered_gnn_mlp_classification_seed-123_size-500.txt
filtered_gnn,mlp,classification,123,500,test,Precision,0.682927,filtered_gnn_mlp_classification_seed-123_size-500.txt
filtered_gnn,mlp,classification,123,500,test,Recall,0.80109,filtered_gnn_mlp_classification_seed-123_size-500.txt
filtered_gnn,mlp,classification,123,500,test,F1,0.737304,filtered_gnn_mlp_classification_seed-123_size-500.txt
filtered_gnn,mlp,classification,123,500,test,ROC_AUC,0.780914,filtered_gnn_mlp_classification_seed-123_size-500.txt
filtered_gnn,mlp,classification,2137,10,validation,Accuracy,0.52749,filtered_gnn_mlp_classification_seed-2137_size-10.txt
filtered_gnn,mlp,classification,2137,10,validation,Precision,0.528226,filtered_gnn_mlp_classification_seed-2137_size-10.txt
filtered_gnn,mlp,classification,2137,10,validation,Recall,0.987934,filtered_gnn_mlp_classification_seed-2137_size-10.txt
filtered_gnn,mlp,classification,2137,10,validation,F1,0.688387,filtered_gnn_mlp_classification_seed-2137_size-10.txt
filtered_gnn,mlp,classification,2137,10,validation,ROC_AUC,0.528218,filtered_gnn_mlp_classification_seed-2137_size-10.txt
filtered_gnn,mlp,classification,2137,10,test,Accuracy,0.454111,filtered_gnn_mlp_classification_seed-2137_size-10.txt
filtered_gnn,mlp,classification,2137,10,test,Precision,0.445212,filtered_gnn_mlp_classification_seed-2137_size-10.txt
filtered_gnn,mlp,classification,2137,10,test,Recall,0.980435,filtered_gnn_mlp_classification_seed-2137_size-10.txt
filtered_gnn,mlp,classification,2137,10,test,F1,0.612356,filtered_gnn_mlp_classification_seed-2137_size-10.txt
filtered_gnn,mlp,classification,2137,10,test,ROC_AUC,0.564843,filtered_gnn_mlp_classification_seed-2137_size-10.txt
filtered_gnn,mlp,classification,2137,100,validation,Accuracy,0.528287,filtered_gnn_mlp_classification_seed-2137_size-100.txt
filtered_gnn,mlp,classification,2137,100,validation,Precision,0.528287,filtered_gnn_mlp_classification_seed-2137_size-100.txt
filtered_gnn,mlp,classification,2137,100,validation,Recall,1.0,filtered_gnn_mlp_classification_seed-2137_size-100.txt
filtered_gnn,mlp,classification,2137,100,validation,F1,0.691345,filtered_gnn_mlp_classification_seed-2137_size-100.txt
filtered_gnn,mlp,classification,2137,100,validation,ROC_AUC,0.692445,filtered_gnn_mlp_classification_seed-2137_size-100.txt
filtered_gnn,mlp,classification,2137,100,test,Accuracy,0.440727,filtered_gnn_mlp_classification_seed-2137_size-100.txt
filtered_gnn,mlp,classification,2137,100,test,Precision,0.440191,filtered_gnn_mlp_classification_seed-2137_size-100.txt
filtered_gnn,mlp,classification,2137,100,test,Recall,1.0,filtered_gnn_mlp_classification_seed-2137_size-100.txt
filtered_gnn,mlp,classification,2137,100,test,F1,0.611296,filtered_gnn_mlp_classification_seed-2137_size-100.txt
filtered_gnn,mlp,classification,2137,100,test,ROC_AUC,0.685927,filtered_gnn_mlp_classification_seed-2137_size-100.txt
filtered_gnn,mlp,classification,2137,20,validation,Accuracy,0.619124,filtered_gnn_mlp_classification_seed-2137_size-20.txt
filtered_gnn,mlp,classification,2137,20,validation,Precision,0.644757,filtered_gnn_mlp_classification_seed-2137_size-20.txt
filtered_gnn,mlp,classification,2137,20,validation,Recall,0.621418,filtered_gnn_mlp_classification_seed-2137_size-20.txt
filtered_gnn,mlp,classification,2137,20,validation,F1,0.632873,filtered_gnn_mlp_classification_seed-2137_size-20.txt
filtered_gnn,mlp,classification,2137,20,validation,ROC_AUC,0.677732,filtered_gnn_mlp_classification_seed-2137_size-20.txt
filtered_gnn,mlp,classification,2137,20,test,Accuracy,0.622371,filtered_gnn_mlp_classification_seed-2137_size-20.txt
filtered_gnn,mlp,classification,2137,20,test,Precision,0.563107,filtered_gnn_mlp_classification_seed-2137_size-20.txt
filtered_gnn,mlp,classification,2137,20,test,Recall,0.630435,filtered_gnn_mlp_classification_seed-2137_size-20.txt
filtered_gnn,mlp,classification,2137,20,test,F1,0.594872,filtered_gnn_mlp_classification_seed-2137_size-20.txt
filtered_gnn,mlp,classification,2137,20,test,ROC_AUC,0.656166,filtered_gnn_mlp_classification_seed-2137_size-20.txt
filtered_gnn,mlp,classification,2137,50,validation,Accuracy,0.524303,filtered_gnn_mlp_classification_seed-2137_size-50.txt
filtered_gnn,mlp,classification,2137,50,validation,Precision,0.527138,filtered_gnn_mlp_classification_seed-2137_size-50.txt
filtered_gnn,mlp,classification,2137,50,validation,Recall,0.966817,filtered_gnn_mlp_classification_seed-2137_size-50.txt
filtered_gnn,mlp,classification,2137,50,validation,F1,0.682278,filtered_gnn_mlp_classification_seed-2137_size-50.txt
filtered_gnn,mlp,classification,2137,50,validation,ROC_AUC,0.607758,filtered_gnn_mlp_classification_seed-2137_size-50.txt
filtered_gnn,mlp,classification,2137,50,test,Accuracy,0.439771,filtered_gnn_mlp_classification_seed-2137_size-50.txt
filtered_gnn,mlp,classification,2137,50,test,Precision,0.438114,filtered_gnn_mlp_classification_seed-2137_size-50.txt
filtered_gnn,mlp,classification,2137,50,test,Recall,0.969565,filtered_gnn_mlp_classification_seed-2137_size-50.txt
filtered_gnn,mlp,classification,2137,50,test,F1,0.603518,filtered_gnn_mlp_classification_seed-2137_size-50.txt
filtered_gnn,mlp,classification,2137,50,test,ROC_AUC,0.616796,filtered_gnn_mlp_classification_seed-2137_size-50.txt
filtered_gnn,mlp,classification,42,10,validation,Accuracy,0.60473,filtered_gnn_mlp_classification_seed-42_size-10.txt
filtered_gnn,mlp,classification,42,10,validation,Precision,0.630241,filtered_gnn_mlp_classification_seed-42_size-10.txt
filtered_gnn,mlp,classification,42,10,validation,Recall,0.736999,filtered_gnn_mlp_classification_seed-42_size-10.txt
filtered_gnn,mlp,classification,42,10,validation,F1,0.679452,filtered_gnn_mlp_classification_seed-42_size-10.txt
filtered_gnn,mlp,classification,42,10,validation,ROC_AUC,0.639707,filtered_gnn_mlp_classification_seed-42_size-10.txt
filtered_gnn,mlp,classification,42,10,test,Accuracy,0.603561,filtered_gnn_mlp_classification_seed-42_size-10.txt
filtered_gnn,mlp,classification,42,10,test,Precision,0.630468,filtered_gnn_mlp_classification_seed-42_size-10.txt
filtered_gnn,mlp,classification,42,10,test,Recall,0.701342,filtered_gnn_mlp_classification_seed-42_size-10.txt
filtered_gnn,mlp,classification,42,10,test,F1,0.664019,filtered_gnn_mlp_classification_seed-42_size-10.txt
filtered_gnn,mlp,classification,42,10,test,ROC_AUC,0.625126,filtered_gnn_mlp_classification_seed-42_size-10.txt
filtered_gnn,mlp,classification,42,100,validation,Accuracy,0.605574,filtered_gnn_mlp_classification_seed-42_size-100.txt
filtered_gnn,mlp,classification,42,100,validation,Precision,0.594322,filtered_gnn_mlp_classification_seed-42_size-100.txt
filtered_gnn,mlp,classification,42,100,validation,Recall,0.964339,filtered_gnn_mlp_classification_seed-42_size-100.txt
filtered_gnn,mlp,classification,42,100,validation,F1,0.735411,filtered_gnn_mlp_classification_seed-42_size-100.txt
filtered_gnn,mlp,classification,42,100,validation,ROC_AUC,0.724354,filtered_gnn_mlp_classification_seed-42_size-100.txt
filtered_gnn,mlp,classification,42,100,test,Accuracy,0.578257,filtered_gnn_mlp_classification_seed-42_size-100.txt
filtered_gnn,mlp,classification,42,100,test,Precision,0.57449,filtered_gnn_mlp_classification_seed-42_size-100.txt
filtered_gnn,mlp,classification,42,100,test,Recall,0.944631,filtered_gnn_mlp_classification_seed-42_size-100.txt
filtered_gnn,mlp,classification,42,100,test,F1,0.714467,filtered_gnn_mlp_classification_seed-42_size-100.txt
filtered_gnn,mlp,classification,42,100,test,ROC_AUC,0.712343,filtered_gnn_mlp_classification_seed-42_size-100.txt
filtered_gnn,mlp,classification,42,20,validation,Accuracy,0.579392,filtered_gnn_mlp_classification_seed-42_size-20.txt
filtered_gnn,mlp,classification,42,20,validation,Precision,0.57485,filtered_gnn_mlp_classification_seed-42_size-20.txt
filtered_gnn,mlp,classification,42,20,validation,Recall,0.998514,filtered_gnn_mlp_classification_seed-42_size-20.txt
filtered_gnn,mlp,classification,42,20,validation,F1,0.729642,filtered_gnn_mlp_classification_seed-42_size-20.txt
filtered_gnn,mlp,classification,42,20,validation,ROC_AUC,0.671948,filtered_gnn_mlp_classification_seed-42_size-20.txt
filtered_gnn,mlp,classification,42,20,test,Accuracy,0.565136,filtered_gnn_mlp_classification_seed-42_size-20.txt
filtered_gnn,mlp,classification,42,20,test,Precision,0.562977,filtered_gnn_mlp_classification_seed-42_size-20.txt
filtered_gnn,mlp,classification,42,20,test,Recall,0.989933,filtered_gnn_mlp_classification_seed-42_size-20.txt
filtered_gnn,mlp,classification,42,20,test,F1,0.717762,filtered_gnn_mlp_classification_seed-42_size-20.txt
filtered_gnn,mlp,classification,42,20,test,ROC_AUC,0.669089,filtered_gnn_mlp_classification_seed-42_size-20.txt
filtered_gnn,mlp,classification,42,50,validation,Accuracy,0.684122,filtered_gnn_mlp_classification_seed-42_size-50.txt
filtered_gnn,mlp,classification,42,50,validation,Precision,0.741519,filtered_gnn_mlp_classification_seed-42_size-50.txt
filtered_gnn,mlp,classification,42,50,validation,Recall,0.682021,filtered_gnn_mlp_classification_seed-42_size-50.txt
filtered_gnn,mlp,classification,42,50,validation,F1,0.710526,filtered_gnn_mlp_classification_seed-42_size-50.txt
filtered_gnn,mlp,classification,42,50,validation,ROC_AUC,0.751991,filtered_gnn_mlp_classification_seed-42_size-50.txt
filtered_gnn,mlp,classification,42,50,test,Accuracy,0.668229,filtered_gnn_mlp_classification_seed-42_size-50.txt
filtered_gnn,mlp,classification,42,50,test,Precision,0.724074,filtered_gnn_mlp_classification_seed-42_size-50.txt
filtered_gnn,mlp,classification,42,50,test,Recall,0.65604,filtered_gnn_mlp_classification_seed-42_size-50.txt
filtered_gnn,mlp,classification,42,50,test,F1,0.68838,filtered_gnn_mlp_classification_seed-42_size-50.txt
filtered_gnn,mlp,classification,42,50,test,ROC_AUC,0.720796,filtered_gnn_mlp_classification_seed-42_size-50.txt
filtered_gnn,mlp,classification,42,500,validation,Accuracy,0.733108,filtered_gnn_mlp_classification_seed-42_size-500.txt
filtered_gnn,mlp,classification,42,500,validation,Precision,0.710744,filtered_gnn_mlp_classification_seed-42_size-500.txt
filtered_gnn,mlp,classification,42,500,validation,Recall,0.894502,filtered_gnn_mlp_classification_seed-42_size-500.txt
filtered_gnn,mlp,classification,42,500,validation,F1,0.792105,filtered_gnn_mlp_classification_seed-42_size-500.txt
filtered_gnn,mlp,classification,42,500,validation,ROC_AUC,0.852618,filtered_gnn_mlp_classification_seed-42_size-500.txt
filtered_gnn,mlp,classification,42,500,test,Accuracy,0.697282,filtered_gnn_mlp_classification_seed-42_size-500.txt
filtered_gnn,mlp,classification,42,500,test,Precision,0.669145,filtered_gnn_mlp_classification_seed-42_size-500.txt
filtered_gnn,mlp,classification,42,500,test,Recall,0.90604,filtered_gnn_mlp_classification_seed-42_size-500.txt
filtered_gnn,mlp,classification,42,500,test,F1,0.769779,filtered_gnn_mlp_classification_seed-42_size-500.txt
filtered_gnn,mlp,classification,42,500,test,ROC_AUC,0.825888,filtered_gnn_mlp_classification_seed-42_size-500.txt
filtered_gnn,mlp,regression,123,10,validation,R2,-4.54176,filtered_gnn_mlp_regression_seed-123_size-10.txt
filtered_gnn,mlp,regression,123,10,validation,RMSE,2.894324,filtered_gnn_mlp_regression_seed-123_size-10.txt
filtered_gnn,mlp,regression,123,10,validation,MAE,2.303065,filtered_gnn_mlp_regression_seed-123_size-10.txt
filtered_gnn,mlp,regression,123,10,test,R2,-4.170082,filtered_gnn_mlp_regression_seed-123_size-10.txt
filtered_gnn,mlp,regression,123,10,test,RMSE,2.773408,filtered_gnn_mlp_regression_seed-123_size-10.txt
filtered_gnn,mlp,regression,123,10,test,MAE,2.184639,filtered_gnn_mlp_regression_seed-123_size-10.txt
filtered_gnn,mlp,regression,123,100,validation,R2,-1.569119,filtered_gnn_mlp_regression_seed-123_size-100.txt
filtered_gnn,mlp,regression,123,100,validation,RMSE,1.970677,filtered_gnn_mlp_regression_seed-123_size-100.txt
filtered_gnn,mlp,regression,123,100,validation,MAE,1.565673,filtered_gnn_mlp_regression_seed-123_size-100.txt
filtered_gnn,mlp,regression,123,100,test,R2,-1.931596,filtered_gnn_mlp_regression_seed-123_size-100.txt
filtered_gnn,mlp,regression,123,100,test,RMSE,2.088416,filtered_gnn_mlp_regression_seed-123_size-100.txt
filtered_gnn,mlp,regression,123,100,test,MAE,1.641172,filtered_gnn_mlp_regression_seed-123_size-100.txt
filtered_gnn,mlp,regression,123,20,validation,R2,-3.134389,filtered_gnn_mlp_regression_seed-123_size-20.txt
filtered_gnn,mlp,regression,123,20,validation,RMSE,2.499936,filtered_gnn_mlp_regression_seed-123_size-20.txt
filtered_gnn,mlp,regression,123,20,validation,MAE,1.983596,filtered_gnn_mlp_regression_seed-123_size-20.txt
filtered_gnn,mlp,regression,123,20,test,R2,-4.039998,filtered_gnn_mlp_regression_seed-123_size-20.txt
filtered_gnn,mlp,regression,123,20,test,RMSE,2.738295,filtered_gnn_mlp_regression_seed-123_size-20.txt
filtered_gnn,mlp,regression,123,20,test,MAE,2.159191,filtered_gnn_mlp_regression_seed-123_size-20.txt
filtered_gnn,mlp,regression,123,50,validation,R2,-2.056321,filtered_gnn_mlp_regression_seed-123_size-50.txt
filtered_gnn,mlp,regression,123,50,validation,RMSE,2.149427,filtered_gnn_mlp_regression_seed-123_size-50.txt
filtered_gnn,mlp,regression,123,50,validation,MAE,1.659792,filtered_gnn_mlp_regression_seed-123_size-50.txt
filtered_gnn,mlp,regression,123,50,test,R2,-2.087094,filtered_gnn_mlp_regression_seed-123_size-50.txt
filtered_gnn,mlp,regression,123,50,test,RMSE,2.143087,filtered_gnn_mlp_regression_seed-123_size-50.txt
filtered_gnn,mlp,regression,123,50,test,MAE,1.688291,filtered_gnn_mlp_regression_seed-123_size-50.txt
filtered_gnn,mlp,regression,123,500,validation,R2,-0.508124,filtered_gnn_mlp_regression_seed-123_size-500.txt
filtered_gnn,mlp,regression,123,500,validation,RMSE,1.509878,filtered_gnn_mlp_regression_seed-123_size-500.txt
filtered_gnn,mlp,regression,123,500,validation,MAE,1.153922,filtered_gnn_mlp_regression_seed-123_size-500.txt
filtered_gnn,mlp,regression,123,500,test,R2,-0.550639,filtered_gnn_mlp_regression_seed-123_size-500.txt
filtered_gnn,mlp,regression,123,500,test,RMSE,1.518869,filtered_gnn_mlp_regression_seed-123_size-500.txt
filtered_gnn,mlp,regression,123,500,test,MAE,1.199737,filtered_gnn_mlp_regression_seed-123_size-500.txt
filtered_gnn,mlp,regression,2137,10,validation,R2,-7.098664,filtered_gnn_mlp_regression_seed-2137_size-10.txt
filtered_gnn,mlp,regression,2137,10,validation,RMSE,3.378576,filtered_gnn_mlp_regression_seed-2137_size-10.txt
filtered_gnn,mlp,regression,2137,10,validation,MAE,2.699088,filtered_gnn_mlp_regression_seed-2137_size-10.txt
filtered_gnn,mlp,regression,2137,10,test,R2,-6.973385,filtered_gnn_mlp_regression_seed-2137_size-10.txt
filtered_gnn,mlp,regression,2137,10,test,RMSE,3.408358,filtered_gnn_mlp_regression_seed-2137_size-10.txt
filtered_gnn,mlp,regression,2137,10,test,MAE,2.675548,filtered_gnn_mlp_regression_seed-2137_size-10.txt
filtered_gnn,mlp,regression,2137,100,validation,R2,-1.870036,filtered_gnn_mlp_regression_seed-2137_size-100.txt
filtered_gnn,mlp,regression,2137,100,validation,RMSE,2.011271,filtered_gnn_mlp_regression_seed-2137_size-100.txt
filtered_gnn,mlp,regression,2137,100,validation,MAE,1.554302,filtered_gnn_mlp_regression_seed-2137_size-100.txt
filtered_gnn,mlp,regression,2137,100,test,R2,-2.718126,filtered_gnn_mlp_regression_seed-2137_size-100.txt
filtered_gnn,mlp,regression,2137,100,test,RMSE,2.32748,filtered_gnn_mlp_regression_seed-2137_size-100.txt
filtered_gnn,mlp,regression,2137,100,test,MAE,1.83593,filtered_gnn_mlp_regression_seed-2137_size-100.txt
filtered_gnn,mlp,regression,2137,20,validation,R2,-2.787775,filtered_gnn_mlp_regression_seed-2137_size-20.txt
filtered_gnn,mlp,regression,2137,20,validation,RMSE,2.31057,filtered_gnn_mlp_regression_seed-2137_size-20.txt
filtered_gnn,mlp,regression,2137,20,validation,MAE,1.836962,filtered_gnn_mlp_regression_seed-2137_size-20.txt
filtered_gnn,mlp,regression,2137,20,test,R2,-3.980257,filtered_gnn_mlp_regression_seed-2137_size-20.txt
filtered_gnn,mlp,regression,2137,20,test,RMSE,2.693703,filtered_gnn_mlp_regression_seed-2137_size-20.txt
filtered_gnn,mlp,regression,2137,20,test,MAE,2.171413,filtered_gnn_mlp_regression_seed-2137_size-20.txt
filtered_gnn,mlp,regression,2137,50,validation,R2,-2.731997,filtered_gnn_mlp_regression_seed-2137_size-50.txt
filtered_gnn,mlp,regression,2137,50,validation,RMSE,2.293494,filtered_gnn_mlp_regression_seed-2137_size-50.txt
filtered_gnn,mlp,regression,2137,50,validation,MAE,1.754432,filtered_gnn_mlp_regression_seed-2137_size-50.txt
filtered_gnn,mlp,regression,2137,50,test,R2,-2.832343,filtered_gnn_mlp_regression_seed-2137_size-50.txt
filtered_gnn,mlp,regression,2137,50,test,RMSE,2.362958,filtered_gnn_mlp_regression_seed-2137_size-50.txt
filtered_gnn,mlp,regression,2137,50,test,MAE,1.89245,filtered_gnn_mlp_regression_seed-2137_size-50.txt
filtered_gnn,mlp,regression,42,10,validation,R2,-2.915185,filtered_gnn_mlp_regression_seed-42_size-10.txt
filtered_gnn,mlp,regression,42,10,validation,RMSE,2.430729,filtered_gnn_mlp_regression_seed-42_size-10.txt
filtered_gnn,mlp,regression,42,10,validation,MAE,1.922555,filtered_gnn_mlp_regression_seed-42_size-10.txt
filtered_gnn,mlp,regression,42,10,test,R2,-3.321199,filtered_gnn_mlp_regression_seed-42_size-10.txt
filtered_gnn,mlp,regression,42,10,test,RMSE,2.554105,filtered_gnn_mlp_regression_seed-42_size-10.txt
filtered_gnn,mlp,regression,42,10,test,MAE,2.034668,filtered_gnn_mlp_regression_seed-42_size-10.txt
filtered_gnn,mlp,regression,42,100,validation,R2,-1.800399,filtered_gnn_mlp_regression_seed-42_size-100.txt
filtered_gnn,mlp,regression,42,100,validation,RMSE,2.055751,filtered_gnn_mlp_regression_seed-42_size-100.txt
filtered_gnn,mlp,regression,42,100,validation,MAE,1.536038,filtered_gnn_mlp_regression_seed-42_size-100.txt
filtered_gnn,mlp,regression,42,100,test,R2,-1.563337,filtered_gnn_mlp_regression_seed-42_size-100.txt
filtered_gnn,mlp,regression,42,100,test,RMSE,1.967159,filtered_gnn_mlp_regression_seed-42_size-100.txt
filtered_gnn,mlp,regression,42,100,test,MAE,1.564323,filtered_gnn_mlp_regression_seed-42_size-100.txt
filtered_gnn,mlp,regression,42,20,validation,R2,-2.911435,filtered_gnn_mlp_regression_seed-42_size-20.txt
filtered_gnn,mlp,regression,42,20,validation,RMSE,2.429565,filtered_gnn_mlp_regression_seed-42_size-20.txt
filtered_gnn,mlp,regression,42,20,validation,MAE,1.881383,filtered_gnn_mlp_regression_seed-42_size-20.txt
filtered_gnn,mlp,regression,42,20,test,R2,-2.919298,filtered_gnn_mlp_regression_seed-42_size-20.txt
filtered_gnn,mlp,regression,42,20,test,RMSE,2.432432,filtered_gnn_mlp_regression_seed-42_size-20.txt
filtered_gnn,mlp,regression,42,20,test,MAE,1.888461,filtered_gnn_mlp_regression_seed-42_size-20.txt
filtered_gnn,mlp,regression,42,50,validation,R2,-1.866164,filtered_gnn_mlp_regression_seed-42_size-50.txt
filtered_gnn,mlp,regression,42,50,validation,RMSE,2.079749,filtered_gnn_mlp_regression_seed-42_size-50.txt
filtered_gnn,mlp,regression,42,50,validation,MAE,1.66285,filtered_gnn_mlp_regression_seed-42_size-50.txt
filtered_gnn,mlp,regression,42,50,test,R2,-1.647356,filtered_gnn_mlp_regression_seed-42_size-50.txt
filtered_gnn,mlp,regression,42,50,test,RMSE,1.999138,filtered_gnn_mlp_regression_seed-42_size-50.txt
filtered_gnn,mlp,regression,42,50,test,MAE,1.602895,filtered_gnn_mlp_regression_seed-42_size-50.txt
filtered_gnn,mlp,regression,42,500,validation,R2,-0.745824,filtered_gnn_mlp_regression_seed-42_size-500.txt
filtered_gnn,mlp,regression,42,500,validation,RMSE,1.623158,filtered_gnn_mlp_regression_seed-42_size-500.txt
filtered_gnn,mlp,regression,42,500,validation,MAE,1.270705,filtered_gnn_mlp_regression_seed-42_size-500.txt
filtered_gnn,mlp,regression,42,500,test,R2,-0.531721,filtered_gnn_mlp_regression_seed-42_size-500.txt
filtered_gnn,mlp,regression,42,500,test,RMSE,1.52064,filtered_gnn_mlp_regression_seed-42_size-500.txt
filtered_gnn,mlp,regression,42,500,test,MAE,1.188029,filtered_gnn_mlp_regression_seed-42_size-500.txt
filtered_gnn,randomforest,classification,123,10,validation,Accuracy,0.60574,filtered_gnn_randomforest_classification_seed-123_size-10.txt
filtered_gnn,randomforest,classification,123,10,validation,Precision,0.622159,filtered_gnn_randomforest_classification_seed-123_size-10.txt
filtered_gnn,randomforest,classification,123,10,validation,Recall,0.631124,filtered_gnn_randomforest_classification_seed-123_size-10.txt
filtered_gnn,randomforest,classification,123,10,validation,F1,0.626609,filtered_gnn_randomforest_classification_seed-123_size-10.txt
filtered_gnn,randomforest,classification,123,10,validation,ROC_AUC,0.674232,filtered_gnn_randomforest_classification_seed-123_size-10.txt
filtered_gnn,randomforest,classification,123,10,test,Accuracy,0.659389,filtered_gnn_randomforest_classification_seed-123_size-10.txt
filtered_gnn,randomforest,classification,123,10,test,Precision,0.687324,filtered_gnn_randomforest_classification_seed-123_size-10.txt
filtered_gnn,randomforest,classification,123,10,test,Recall,0.66485,filtered_gnn_randomforest_classification_seed-123_size-10.txt
filtered_gnn,randomforest,classification,123,10,test,F1,0.6759,filtered_gnn_randomforest_classification_seed-123_size-10.txt
filtered_gnn,randomforest,classification,123,10,test,ROC_AUC,0.729962,filtered_gnn_randomforest_classification_seed-123_size-10.txt
filtered_gnn,randomforest,classification,123,100,validation,Accuracy,0.677492,filtered_gnn_randomforest_classification_seed-123_size-100.txt
filtered_gnn,randomforest,classification,123,100,validation,Precision,0.670498,filtered_gnn_randomforest_classification_seed-123_size-100.txt
filtered_gnn,randomforest,classification,123,100,validation,Recall,0.756484,filtered_gnn_randomforest_classification_seed-123_size-100.txt
filtered_gnn,randomforest,classification,123,100,validation,F1,0.7109,filtered_gnn_randomforest_classification_seed-123_size-100.txt
filtered_gnn,randomforest,classification,123,100,validation,ROC_AUC,0.765473,filtered_gnn_randomforest_classification_seed-123_size-100.txt
filtered_gnn,randomforest,classification,123,100,test,Accuracy,0.674672,filtered_gnn_randomforest_classification_seed-123_size-100.txt
filtered_gnn,randomforest,classification,123,100,test,Precision,0.664753,filtered_gnn_randomforest_classification_seed-123_size-100.txt
filtered_gnn,randomforest,classification,123,100,test,Recall,0.788828,filtered_gnn_randomforest_classification_seed-123_size-100.txt
filtered_gnn,randomforest,classification,123,100,test,F1,0.721495,filtered_gnn_randomforest_classification_seed-123_size-100.txt
filtered_gnn,randomforest,classification,123,100,test,ROC_AUC,0.732738,filtered_gnn_randomforest_classification_seed-123_size-100.txt
filtered_gnn,randomforest,classification,123,20,validation,Accuracy,0.641994,filtered_gnn_randomforest_classification_seed-123_size-20.txt
filtered_gnn,randomforest,classification,123,20,validation,Precision,0.635135,filtered_gnn_randomforest_classification_seed-123_size-20.txt
filtered_gnn,randomforest,classification,123,20,validation,Recall,0.744957,filtered_gnn_randomforest_classification_seed-123_size-20.txt
filtered_gnn,randomforest,classification,123,20,validation,F1,0.685676,filtered_gnn_randomforest_classification_seed-123_size-20.txt
filtered_gnn,randomforest,classification,123,20,validation,ROC_AUC,0.71714,filtered_gnn_randomforest_classification_seed-123_size-20.txt
filtered_gnn,randomforest,classification,123,20,test,Accuracy,0.650655,filtered_gnn_randomforest_classification_seed-123_size-20.txt
filtered_gnn,randomforest,classification,123,20,test,Precision,0.641111,filtered_gnn_randomforest_classification_seed-123_size-20.txt
filtered_gnn,randomforest,classification,123,20,test,Recall,0.786104,filtered_gnn_randomforest_classification_seed-123_size-20.txt
filtered_gnn,randomforest,classification,123,20,test,F1,0.706242,filtered_gnn_randomforest_classification_seed-123_size-20.txt
filtered_gnn,randomforest,classification,123,20,test,ROC_AUC,0.731944,filtered_gnn_randomforest_classification_seed-123_size-20.txt
filtered_gnn,randomforest,classification,123,50,validation,Accuracy,0.673716,filtered_gnn_randomforest_classification_seed-123_size-50.txt
filtered_gnn,randomforest,classification,123,50,validation,Precision,0.717608,filtered_gnn_randomforest_classification_seed-123_size-50.txt
filtered_gnn,randomforest,classification,123,50,validation,Recall,0.622478,filtered_gnn_randomforest_classification_seed-123_size-50.txt
filtered_gnn,randomforest,classification,123,50,validation,F1,0.666667,filtered_gnn_randomforest_classification_seed-123_size-50.txt
filtered_gnn,randomforest,classification,123,50,validation,ROC_AUC,0.743447,filtered_gnn_randomforest_classification_seed-123_size-50.txt
filtered_gnn,randomforest,classification,123,50,test,Accuracy,0.701601,filtered_gnn_randomforest_classification_seed-123_size-50.txt
filtered_gnn,randomforest,classification,123,50,test,Precision,0.739645,filtered_gnn_randomforest_classification_seed-123_size-50.txt
filtered_gnn,randomforest,classification,123,50,test,Recall,0.681199,filtered_gnn_randomforest_classification_seed-123_size-50.txt
filtered_gnn,randomforest,classification,123,50,test,F1,0.70922,filtered_gnn_randomforest_classification_seed-123_size-50.txt
filtered_gnn,randomforest,classification,123,50,test,ROC_AUC,0.763241,filtered_gnn_randomforest_classification_seed-123_size-50.txt
filtered_gnn,randomforest,classification,123,500,validation,Accuracy,0.740937,filtered_gnn_randomforest_classification_seed-123_size-500.txt
filtered_gnn,randomforest,classification,123,500,validation,Precision,0.763118,filtered_gnn_randomforest_classification_seed-123_size-500.txt
filtered_gnn,randomforest,classification,123,500,validation,Recall,0.733429,filtered_gnn_randomforest_classification_seed-123_size-500.txt
filtered_gnn,randomforest,classification,123,500,validation,F1,0.747979,filtered_gnn_randomforest_classification_seed-123_size-500.txt
filtered_gnn,randomforest,classification,123,500,validation,ROC_AUC,0.814518,filtered_gnn_randomforest_classification_seed-123_size-500.txt
filtered_gnn,randomforest,classification,123,500,test,Accuracy,0.75182,filtered_gnn_randomforest_classification_seed-123_size-500.txt
filtered_gnn,randomforest,classification,123,500,test,Precision,0.777151,filtered_gnn_randomforest_classification_seed-123_size-500.txt
filtered_gnn,randomforest,classification,123,500,test,Recall,0.750681,filtered_gnn_randomforest_classification_seed-123_size-500.txt
filtered_gnn,randomforest,classification,123,500,test,F1,0.763687,filtered_gnn_randomforest_classification_seed-123_size-500.txt
filtered_gnn,randomforest,classification,123,500,test,ROC_AUC,0.836907,filtered_gnn_randomforest_classification_seed-123_size-500.txt
filtered_gnn,randomforest,classification,2137,10,validation,Accuracy,0.616733,filtered_gnn_randomforest_classification_seed-2137_size-10.txt
filtered_gnn,randomforest,classification,2137,10,validation,Precision,0.59499,filtered_gnn_randomforest_classification_seed-2137_size-10.txt
filtered_gnn,randomforest,classification,2137,10,validation,Recall,0.859729,filtered_gnn_randomforest_classification_seed-2137_size-10.txt
filtered_gnn,randomforest,classification,2137,10,validation,F1,0.70327,filtered_gnn_randomforest_classification_seed-2137_size-10.txt
filtered_gnn,randomforest,classification,2137,10,validation,ROC_AUC,0.696764,filtered_gnn_randomforest_classification_seed-2137_size-10.txt
filtered_gnn,randomforest,classification,2137,10,test,Accuracy,0.526769,filtered_gnn_randomforest_classification_seed-2137_size-10.txt
filtered_gnn,randomforest,classification,2137,10,test,Precision,0.480447,filtered_gnn_randomforest_classification_seed-2137_size-10.txt
filtered_gnn,randomforest,classification,2137,10,test,Recall,0.934783,filtered_gnn_randomforest_classification_seed-2137_size-10.txt
filtered_gnn,randomforest,classification,2137,10,test,F1,0.634686,filtered_gnn_randomforest_classification_seed-2137_size-10.txt
filtered_gnn,randomforest,classification,2137,10,test,ROC_AUC,0.660495,filtered_gnn_randomforest_classification_seed-2137_size-10.txt
filtered_gnn,randomforest,classification,2137,100,validation,Accuracy,0.645418,filtered_gnn_randomforest_classification_seed-2137_size-100.txt
filtered_gnn,randomforest,classification,2137,100,validation,Precision,0.663664,filtered_gnn_randomforest_classification_seed-2137_size-100.txt
filtered_gnn,randomforest,classification,2137,100,validation,Recall,0.666667,filtered_gnn_randomforest_classification_seed-2137_size-100.txt
filtered_gnn,randomforest,classification,2137,100,validation,F1,0.665162,filtered_gnn_randomforest_classification_seed-2137_size-100.txt
filtered_gnn,randomforest,classification,2137,100,validation,ROC_AUC,0.71795,filtered_gnn_randomforest_classification_seed-2137_size-100.txt
filtered_gnn,randomforest,classification,2137,100,test,Accuracy,0.67304,filtered_gnn_randomforest_classification_seed-2137_size-100.txt
filtered_gnn,randomforest,classification,2137,100,test,Precision,0.596721,filtered_gnn_randomforest_classification_seed-2137_size-100.txt
filtered_gnn,randomforest,classification,2137,100,test,Recall,0.791304,filtered_gnn_randomforest_classification_seed-2137_size-100.txt
filtered_gnn,randomforest,classification,2137,100,test,F1,0.680374,filtered_gnn_randomforest_classification_seed-2137_size-100.txt
filtered_gnn,randomforest,classification,2137,100,test,ROC_AUC,0.786105,filtered_gnn_randomforest_classification_seed-2137_size-100.txt
filtered_gnn,randomforest,classification,2137,20,validation,Accuracy,0.642231,filtered_gnn_randomforest_classification_seed-2137_size-20.txt
filtered_gnn,randomforest,classification,2137,20,validation,Precision,0.714859,filtered_gnn_randomforest_classification_seed-2137_size-20.txt
filtered_gnn,randomforest,classification,2137,20,validation,Recall,0.536953,filtered_gnn_randomforest_classification_seed-2137_size-20.txt
filtered_gnn,randomforest,classification,2137,20,validation,F1,0.613264,filtered_gnn_randomforest_classification_seed-2137_size-20.txt
filtered_gnn,randomforest,classification,2137,20,validation,ROC_AUC,0.720654,filtered_gnn_randomforest_classification_seed-2137_size-20.txt
filtered_gnn,randomforest,classification,2137,20,test,Accuracy,0.645315,filtered_gnn_randomforest_classification_seed-2137_size-20.txt
filtered_gnn,randomforest,classification,2137,20,test,Precision,0.590264,filtered_gnn_randomforest_classification_seed-2137_size-20.txt
filtered_gnn,randomforest,classification,2137,20,test,Recall,0.632609,filtered_gnn_randomforest_classification_seed-2137_size-20.txt
filtered_gnn,randomforest,classification,2137,20,test,F1,0.610703,filtered_gnn_randomforest_classification_seed-2137_size-20.txt
filtered_gnn,randomforest,classification,2137,20,test,ROC_AUC,0.716377,filtered_gnn_randomforest_classification_seed-2137_size-20.txt
filtered_gnn,randomforest,classification,2137,50,validation,Accuracy,0.639044,filtered_gnn_randomforest_classification_seed-2137_size-50.txt
filtered_gnn,randomforest,classification,2137,50,validation,Precision,0.672697,filtered_gnn_randomforest_classification_seed-2137_size-50.txt
filtered_gnn,randomforest,classification,2137,50,validation,Recall,0.616893,filtered_gnn_randomforest_classification_seed-2137_size-50.txt
filtered_gnn,randomforest,classification,2137,50,validation,F1,0.643588,filtered_gnn_randomforest_classification_seed-2137_size-50.txt
filtered_gnn,randomforest,classification,2137,50,validation,ROC_AUC,0.675593,filtered_gnn_randomforest_classification_seed-2137_size-50.txt
filtered_gnn,randomforest,classification,2137,50,test,Accuracy,0.646272,filtered_gnn_randomforest_classification_seed-2137_size-50.txt
filtered_gnn,randomforest,classification,2137,50,test,Precision,0.579787,filtered_gnn_randomforest_classification_seed-2137_size-50.txt
filtered_gnn,randomforest,classification,2137,50,test,Recall,0.71087,filtered_gnn_randomforest_classification_seed-2137_size-50.txt
filtered_gnn,randomforest,classification,2137,50,test,F1,0.638672,filtered_gnn_randomforest_classification_seed-2137_size-50.txt
filtered_gnn,randomforest,classification,2137,50,test,ROC_AUC,0.716777,filtered_gnn_randomforest_classification_seed-2137_size-50.txt
filtered_gnn,randomforest,classification,2137,500,validation,Accuracy,0.70757,filtered_gnn_randomforest_classification_seed-2137_size-500.txt
filtered_gnn,randomforest,classification,2137,500,validation,Precision,0.744224,filtered_gnn_randomforest_classification_seed-2137_size-500.txt
filtered_gnn,randomforest,classification,2137,500,validation,Recall,0.680241,filtered_gnn_randomforest_classification_seed-2137_size-500.txt
filtered_gnn,randomforest,classification,2137,500,validation,F1,0.710796,filtered_gnn_randomforest_classification_seed-2137_size-500.txt
filtered_gnn,randomforest,classification,2137,500,validation,ROC_AUC,0.78685,filtered_gnn_randomforest_classification_seed-2137_size-500.txt
filtered_gnn,randomforest,classification,2137,500,test,Accuracy,0.726577,filtered_gnn_randomforest_classification_seed-2137_size-500.txt
filtered_gnn,randomforest,classification,2137,500,test,Precision,0.664773,filtered_gnn_randomforest_classification_seed-2137_size-500.txt
filtered_gnn,randomforest,classification,2137,500,test,Recall,0.763043,filtered_gnn_randomforest_classification_seed-2137_size-500.txt
filtered_gnn,randomforest,classification,2137,500,test,F1,0.710526,filtered_gnn_randomforest_classification_seed-2137_size-500.txt
filtered_gnn,randomforest,classification,2137,500,test,ROC_AUC,0.818662,filtered_gnn_randomforest_classification_seed-2137_size-500.txt
filtered_gnn,randomforest,classification,42,10,validation,Accuracy,0.566723,filtered_gnn_randomforest_classification_seed-42_size-10.txt
filtered_gnn,randomforest,classification,42,10,validation,Precision,0.66129,filtered_gnn_randomforest_classification_seed-42_size-10.txt
filtered_gnn,randomforest,classification,42,10,validation,Recall,0.48737,filtered_gnn_randomforest_classification_seed-42_size-10.txt
filtered_gnn,randomforest,classification,42,10,validation,F1,0.561163,filtered_gnn_randomforest_classification_seed-42_size-10.txt
filtered_gnn,randomforest,classification,42,10,validation,ROC_AUC,0.614886,filtered_gnn_randomforest_classification_seed-42_size-10.txt
filtered_gnn,randomforest,classification,42,10,test,Accuracy,0.53702,filtered_gnn_randomforest_classification_seed-42_size-10.txt
filtered_gnn,randomforest,classification,42,10,test,Precision,0.622596,filtered_gnn_randomforest_classification_seed-42_size-10.txt
filtered_gnn,randomforest,classification,42,10,test,Recall,0.434564,filtered_gnn_randomforest_classification_seed-42_size-10.txt
filtered_gnn,randomforest,classification,42,10,test,F1,0.511858,filtered_gnn_randomforest_classification_seed-42_size-10.txt
filtered_gnn,randomforest,classification,42,10,test,ROC_AUC,0.605701,filtered_gnn_randomforest_classification_seed-42_size-10.txt
filtered_gnn,randomforest,classification,42,100,validation,Accuracy,0.742399,filtered_gnn_randomforest_classification_seed-42_size-100.txt
filtered_gnn,randomforest,classification,42,100,validation,Precision,0.819444,filtered_gnn_randomforest_classification_seed-42_size-100.txt
filtered_gnn,randomforest,classification,42,100,validation,Recall,0.701337,filtered_gnn_randomforest_classification_seed-42_size-100.txt
filtered_gnn,randomforest,classification,42,100,validation,F1,0.755805,filtered_gnn_randomforest_classification_seed-42_size-100.txt
filtered_gnn,randomforest,classification,42,100,validation,ROC_AUC,0.803831,filtered_gnn_randomforest_classification_seed-42_size-100.txt
filtered_gnn,randomforest,classification,42,100,test,Accuracy,0.688847,filtered_gnn_randomforest_classification_seed-42_size-100.txt
filtered_gnn,randomforest,classification,42,100,test,Precision,0.754826,filtered_gnn_randomforest_classification_seed-42_size-100.txt
filtered_gnn,randomforest,classification,42,100,test,Recall,0.65604,filtered_gnn_randomforest_classification_seed-42_size-100.txt
filtered_gnn,randomforest,classification,42,100,test,F1,0.701975,filtered_gnn_randomforest_classification_seed-42_size-100.txt
filtered_gnn,randomforest,classification,42,100,test,ROC_AUC,0.781753,filtered_gnn_randomforest_classification_seed-42_size-100.txt
filtered_gnn,randomforest,classification,42,20,validation,Accuracy,0.710304,filtered_gnn_randomforest_classification_seed-42_size-20.txt
filtered_gnn,randomforest,classification,42,20,validation,Precision,0.749245,filtered_gnn_randomforest_classification_seed-42_size-20.txt
filtered_gnn,randomforest,classification,42,20,validation,Recall,0.736999,filtered_gnn_randomforest_classification_seed-42_size-20.txt
filtered_gnn,randomforest,classification,42,20,validation,F1,0.743071,filtered_gnn_randomforest_classification_seed-42_size-20.txt
filtered_gnn,randomforest,classification,42,20,validation,ROC_AUC,0.76915,filtered_gnn_randomforest_classification_seed-42_size-20.txt
filtered_gnn,randomforest,classification,42,20,test,Accuracy,0.663543,filtered_gnn_randomforest_classification_seed-42_size-20.txt
filtered_gnn,randomforest,classification,42,20,test,Precision,0.692683,filtered_gnn_randomforest_classification_seed-42_size-20.txt
filtered_gnn,randomforest,classification,42,20,test,Recall,0.714765,filtered_gnn_randomforest_classification_seed-42_size-20.txt
filtered_gnn,randomforest,classification,42,20,test,F1,0.703551,filtered_gnn_randomforest_classification_seed-42_size-20.txt
filtered_gnn,randomforest,classification,42,20,test,ROC_AUC,0.735826,filtered_gnn_randomforest_classification_seed-42_size-20.txt
filtered_gnn,randomforest,classification,42,50,validation,Accuracy,0.739865,filtered_gnn_randomforest_classification_seed-42_size-50.txt
filtered_gnn,randomforest,classification,42,50,validation,Precision,0.808799,filtered_gnn_randomforest_classification_seed-42_size-50.txt
filtered_gnn,randomforest,classification,42,50,validation,Recall,0.710253,filtered_gnn_randomforest_classification_seed-42_size-50.txt
filtered_gnn,randomforest,classification,42,50,validation,F1,0.756329,filtered_gnn_randomforest_classification_seed-42_size-50.txt
filtered_gnn,randomforest,classification,42,50,validation,ROC_AUC,0.797479,filtered_gnn_randomforest_classification_seed-42_size-50.txt
filtered_gnn,randomforest,classification,42,50,test,Accuracy,0.682287,filtered_gnn_randomforest_classification_seed-42_size-50.txt
filtered_gnn,randomforest,classification,42,50,test,Precision,0.731532,filtered_gnn_randomforest_classification_seed-42_size-50.txt
filtered_gnn,randomforest,classification,42,50,test,Recall,0.681208,filtered_gnn_randomforest_classification_seed-42_size-50.txt
filtered_gnn,randomforest,classification,42,50,test,F1,0.705474,filtered_gnn_randomforest_classification_seed-42_size-50.txt
filtered_gnn,randomforest,classification,42,50,test,ROC_AUC,0.765377,filtered_gnn_randomforest_classification_seed-42_size-50.txt
filtered_gnn,randomforest,classification,42,500,validation,Accuracy,0.793919,filtered_gnn_randomforest_classification_seed-42_size-500.txt
filtered_gnn,randomforest,classification,42,500,validation,Precision,0.8432,filtered_gnn_randomforest_classification_seed-42_size-500.txt
filtered_gnn,randomforest,classification,42,500,validation,Recall,0.783061,filtered_gnn_randomforest_classification_seed-42_size-500.txt
filtered_gnn,randomforest,classification,42,500,validation,F1,0.812018,filtered_gnn_randomforest_classification_seed-42_size-500.txt
filtered_gnn,randomforest,classification,42,500,validation,ROC_AUC,0.858408,filtered_gnn_randomforest_classification_seed-42_size-500.txt
filtered_gnn,randomforest,classification,42,500,test,Accuracy,0.75164,filtered_gnn_randomforest_classification_seed-42_size-500.txt
filtered_gnn,randomforest,classification,42,500,test,Precision,0.773554,filtered_gnn_randomforest_classification_seed-42_size-500.txt
filtered_gnn,randomforest,classification,42,500,test,Recall,0.785235,filtered_gnn_randomforest_classification_seed-42_size-500.txt
filtered_gnn,randomforest,classification,42,500,test,F1,0.779351,filtered_gnn_randomforest_classification_seed-42_size-500.txt
filtered_gnn,randomforest,classification,42,500,test,ROC_AUC,0.83559,filtered_gnn_randomforest_classification_seed-42_size-500.txt
filtered_gnn,randomforest,regression,123,10,validation,R2,0.058028,filtered_gnn_randomforest_regression_seed-123_size-10.txt
filtered_gnn,randomforest,regression,123,10,validation,RMSE,1.19328,filtered_gnn_randomforest_regression_seed-123_size-10.txt
filtered_gnn,randomforest,regression,123,10,validation,MAE,0.988883,filtered_gnn_randomforest_regression_seed-123_size-10.txt
filtered_gnn,randomforest,regression,123,10,test,R2,0.07138,filtered_gnn_randomforest_regression_seed-123_size-10.txt
filtered_gnn,randomforest,regression,123,10,test,RMSE,1.175395,filtered_gnn_randomforest_regression_seed-123_size-10.txt
filtered_gnn,randomforest,regression,123,10,test,MAE,0.966417,filtered_gnn_randomforest_regression_seed-123_size-10.txt
filtered_gnn,randomforest,regression,123,100,validation,R2,0.239154,filtered_gnn_randomforest_regression_seed-123_size-100.txt
filtered_gnn,randomforest,regression,123,100,validation,RMSE,1.072437,filtered_gnn_randomforest_regression_seed-123_size-100.txt
filtered_gnn,randomforest,regression,123,100,validation,MAE,0.858395,filtered_gnn_randomforest_regression_seed-123_size-100.txt
filtered_gnn,randomforest,regression,123,100,test,R2,0.152755,filtered_gnn_randomforest_regression_seed-123_size-100.txt
filtered_gnn,randomforest,regression,123,100,test,RMSE,1.122715,filtered_gnn_randomforest_regression_seed-123_size-100.txt
filtered_gnn,randomforest,regression,123,100,test,MAE,0.907108,filtered_gnn_randomforest_regression_seed-123_size-100.txt
filtered_gnn,randomforest,regression,123,20,validation,R2,0.068444,filtered_gnn_randomforest_regression_seed-123_size-20.txt
filtered_gnn,randomforest,regression,123,20,validation,RMSE,1.186664,filtered_gnn_randomforest_regression_seed-123_size-20.txt
filtered_gnn,randomforest,regression,123,20,validation,MAE,0.983316,filtered_gnn_randomforest_regression_seed-123_size-20.txt
filtered_gnn,randomforest,regression,123,20,test,R2,0.073924,filtered_gnn_randomforest_regression_seed-123_size-20.txt
filtered_gnn,randomforest,regression,123,20,test,RMSE,1.173785,filtered_gnn_randomforest_regression_seed-123_size-20.txt
filtered_gnn,randomforest,regression,123,20,test,MAE,0.973422,filtered_gnn_randomforest_regression_seed-123_size-20.txt
filtered_gnn,randomforest,regression,123,50,validation,R2,0.164366,filtered_gnn_randomforest_regression_seed-123_size-50.txt
filtered_gnn,randomforest,regression,123,50,validation,RMSE,1.12391,filtered_gnn_randomforest_regression_seed-123_size-50.txt
filtered_gnn,randomforest,regression,123,50,validation,MAE,0.90161,filtered_gnn_randomforest_regression_seed-123_size-50.txt
filtered_gnn,randomforest,regression,123,50,test,R2,0.264191,filtered_gnn_randomforest_regression_seed-123_size-50.txt
filtered_gnn,randomforest,regression,123,50,test,RMSE,1.046279,filtered_gnn_randomforest_regression_seed-123_size-50.txt
filtered_gnn,randomforest,regression,123,50,test,MAE,0.842248,filtered_gnn_randomforest_regression_seed-123_size-50.txt
filtered_gnn,randomforest,regression,123,500,validation,R2,0.387308,filtered_gnn_randomforest_regression_seed-123_size-500.txt
filtered_gnn,randomforest,regression,123,500,validation,RMSE,0.962375,filtered_gnn_randomforest_regression_seed-123_size-500.txt
filtered_gnn,randomforest,regression,123,500,validation,MAE,0.771912,filtered_gnn_randomforest_regression_seed-123_size-500.txt
filtered_gnn,randomforest,regression,123,500,test,R2,0.42991,filtered_gnn_randomforest_regression_seed-123_size-500.txt
filtered_gnn,randomforest,regression,123,500,test,RMSE,0.920952,filtered_gnn_randomforest_regression_seed-123_size-500.txt
filtered_gnn,randomforest,regression,123,500,test,MAE,0.731932,filtered_gnn_randomforest_regression_seed-123_size-500.txt
filtered_gnn,randomforest,regression,2137,10,validation,R2,-0.12971,filtered_gnn_randomforest_regression_seed-2137_size-10.txt
filtered_gnn,randomforest,regression,2137,10,validation,RMSE,1.261858,filtered_gnn_randomforest_regression_seed-2137_size-10.txt
filtered_gnn,randomforest,regression,2137,10,validation,MAE,1.02262,filtered_gnn_randomforest_regression_seed-2137_size-10.txt
filtered_gnn,randomforest,regression,2137,10,test,R2,-0.27818,filtered_gnn_randomforest_regression_seed-2137_size-10.txt
filtered_gnn,randomforest,regression,2137,10,test,RMSE,1.364646,filtered_gnn_randomforest_regression_seed-2137_size-10.txt
filtered_gnn,randomforest,regression,2137,10,test,MAE,1.15287,filtered_gnn_randomforest_regression_seed-2137_size-10.txt
filtered_gnn,randomforest,regression,2137,100,validation,R2,0.196643,filtered_gnn_randomforest_regression_seed-2137_size-100.txt
filtered_gnn,randomforest,regression,2137,100,validation,RMSE,1.064097,filtered_gnn_randomforest_regression_seed-2137_size-100.txt
filtered_gnn,randomforest,regression,2137,100,validation,MAE,0.845909,filtered_gnn_randomforest_regression_seed-2137_size-100.txt
filtered_gnn,randomforest,regression,2137,100,test,R2,0.189374,filtered_gnn_randomforest_regression_seed-2137_size-100.txt
filtered_gnn,randomforest,regression,2137,100,test,RMSE,1.086761,filtered_gnn_randomforest_regression_seed-2137_size-100.txt
filtered_gnn,randomforest,regression,2137,100,test,MAE,0.871535,filtered_gnn_randomforest_regression_seed-2137_size-100.txt
filtered_gnn,randomforest,regression,2137,20,validation,R2,0.145488,filtered_gnn_randomforest_regression_seed-2137_size-20.txt
filtered_gnn,randomforest,regression,2137,20,validation,RMSE,1.097453,filtered_gnn_randomforest_regression_seed-2137_size-20.txt
filtered_gnn,randomforest,regression,2137,20,validation,MAE,0.872636,filtered_gnn_randomforest_regression_seed-2137_size-20.txt
filtered_gnn,randomforest,regression,2137,20,test,R2,0.098865,filtered_gnn_randomforest_regression_seed-2137_size-20.txt
filtered_gnn,randomforest,regression,2137,20,test,RMSE,1.145826,filtered_gnn_randomforest_regression_seed-2137_size-20.txt
filtered_gnn,randomforest,regression,2137,20,test,MAE,0.928714,filtered_gnn_randomforest_regression_seed-2137_size-20.txt
filtered_gnn,randomforest,regression,2137,50,validation,R2,0.198001,filtered_gnn_randomforest_regression_seed-2137_size-50.txt
filtered_gnn,randomforest,regression,2137,50,validation,RMSE,1.063198,filtered_gnn_randomforest_regression_seed-2137_size-50.txt
filtered_gnn,randomforest,regression,2137,50,validation,MAE,0.852645,filtered_gnn_randomforest_regression_seed-2137_size-50.txt
filtered_gnn,randomforest,regression,2137,50,test,R2,0.135821,filtered_gnn_randomforest_regression_seed-2137_size-50.txt
filtered_gnn,randomforest,regression,2137,50,test,RMSE,1.122085,filtered_gnn_randomforest_regression_seed-2137_size-50.txt
filtered_gnn,randomforest,regression,2137,50,test,MAE,0.902834,filtered_gnn_randomforest_regression_seed-2137_size-50.txt
filtered_gnn,randomforest,regression,2137,500,validation,R2,0.355004,filtered_gnn_randomforest_regression_seed-2137_size-500.txt
filtered_gnn,randomforest,regression,2137,500,validation,RMSE,0.953467,filtered_gnn_randomforest_regression_seed-2137_size-500.txt
filtered_gnn,randomforest,regression,2137,500,validation,MAE,0.747236,filtered_gnn_randomforest_regression_seed-2137_size-500.txt
filtered_gnn,randomforest,regression,2137,500,test,R2,0.357305,filtered_gnn_randomforest_regression_seed-2137_size-500.txt
filtered_gnn,randomforest,regression,2137,500,test,RMSE,0.967667,filtered_gnn_randomforest_regression_seed-2137_size-500.txt
filtered_gnn,randomforest,regression,2137,500,test,MAE,0.771126,filtered_gnn_randomforest_regression_seed-2137_size-500.txt
filtered_gnn,randomforest,regression,42,10,validation,R2,0.027501,filtered_gnn_randomforest_regression_seed-42_size-10.txt
filtered_gnn,randomforest,regression,42,10,validation,RMSE,1.211449,filtered_gnn_randomforest_regression_seed-42_size-10.txt
filtered_gnn,randomforest,regression,42,10,validation,MAE,1.006809,filtered_gnn_randomforest_regression_seed-42_size-10.txt
filtered_gnn,randomforest,regression,42,10,test,R2,0.047686,filtered_gnn_randomforest_regression_seed-42_size-10.txt
filtered_gnn,randomforest,regression,42,10,test,RMSE,1.199021,filtered_gnn_randomforest_regression_seed-42_size-10.txt
filtered_gnn,randomforest,regression,42,10,test,MAE,1.00639,filtered_gnn_randomforest_regression_seed-42_size-10.txt
filtered_gnn,randomforest,regression,42,100,validation,R2,0.210201,filtered_gnn_randomforest_regression_seed-42_size-100.txt
filtered_gnn,randomforest,regression,42,100,validation,RMSE,1.091738,filtered_gnn_randomforest_regression_seed-42_size-100.txt
filtered_gnn,randomforest,regression,42,100,validation,MAE,0.866335,filtered_gnn_randomforest_regression_seed-42_size-100.txt
filtered_gnn,randomforest,regression,42,100,test,R2,0.253879,filtered_gnn_randomforest_regression_seed-42_size-100.txt
filtered_gnn,randomforest,regression,42,100,test,RMSE,1.061307,filtered_gnn_randomforest_regression_seed-42_size-100.txt
filtered_gnn,randomforest,regression,42,100,test,MAE,0.842121,filtered_gnn_randomforest_regression_seed-42_size-100.txt
filtered_gnn,randomforest,regression,42,20,validation,R2,0.208478,filtered_gnn_randomforest_regression_seed-42_size-20.txt
filtered_gnn,randomforest,regression,42,20,validation,RMSE,1.092929,filtered_gnn_randomforest_regression_seed-42_size-20.txt
filtered_gnn,randomforest,regression,42,20,validation,MAE,0.856672,filtered_gnn_randomforest_regression_seed-42_size-20.txt
filtered_gnn,randomforest,regression,42,20,test,R2,0.106658,filtered_gnn_randomforest_regression_seed-42_size-20.txt
filtered_gnn,randomforest,regression,42,20,test,RMSE,1.161303,filtered_gnn_randomforest_regression_seed-42_size-20.txt
filtered_gnn,randomforest,regression,42,20,test,MAE,0.92834,filtered_gnn_randomforest_regression_seed-42_size-20.txt
filtered_gnn,randomforest,regression,42,50,validation,R2,0.175997,filtered_gnn_randomforest_regression_seed-42_size-50.txt
filtered_gnn,randomforest,regression,42,50,validation,RMSE,1.115129,filtered_gnn_randomforest_regression_seed-42_size-50.txt
filtered_gnn,randomforest,regression,42,50,validation,MAE,0.882833,filtered_gnn_randomforest_regression_seed-42_size-50.txt
filtered_gnn,randomforest,regression,42,50,test,R2,0.231785,filtered_gnn_randomforest_regression_seed-42_size-50.txt
filtered_gnn,randomforest,regression,42,50,test,RMSE,1.076906,filtered_gnn_randomforest_regression_seed-42_size-50.txt
filtered_gnn,randomforest,regression,42,50,test,MAE,0.861062,filtered_gnn_randomforest_regression_seed-42_size-50.txt
filtered_gnn,randomforest,regression,42,500,validation,R2,0.411298,filtered_gnn_randomforest_regression_seed-42_size-500.txt
filtered_gnn,randomforest,regression,42,500,validation,RMSE,0.942558,filtered_gnn_randomforest_regression_seed-42_size-500.txt
filtered_gnn,randomforest,regression,42,500,validation,MAE,0.736132,filtered_gnn_randomforest_regression_seed-42_size-500.txt
filtered_gnn,randomforest,regression,42,500,test,R2,0.403095,filtered_gnn_randomforest_regression_seed-42_size-500.txt
filtered_gnn,randomforest,regression,42,500,test,RMSE,0.949269,filtered_gnn_randomforest_regression_seed-42_size-500.txt
filtered_gnn,randomforest,regression,42,500,test,MAE,0.752618,filtered_gnn_randomforest_regression_seed-42_size-500.txt
filtered_gnn,svm,classification,123,10,validation,Accuracy,0.564955,filtered_gnn_svm_classification_seed-123_size-10.txt
filtered_gnn,svm,classification,123,10,validation,Precision,0.561975,filtered_gnn_svm_classification_seed-123_size-10.txt
filtered_gnn,svm,classification,123,10,validation,Recall,0.770893,filtered_gnn_svm_classification_seed-123_size-10.txt
filtered_gnn,svm,classification,123,10,validation,F1,0.650061,filtered_gnn_svm_classification_seed-123_size-10.txt
filtered_gnn,svm,classification,123,10,validation,ROC_AUC,0.436531,filtered_gnn_svm_classification_seed-123_size-10.txt
filtered_gnn,svm,classification,123,10,test,Accuracy,0.550218,filtered_gnn_svm_classification_seed-123_size-10.txt
filtered_gnn,svm,classification,123,10,test,Precision,0.561311,filtered_gnn_svm_classification_seed-123_size-10.txt
filtered_gnn,svm,classification,123,10,test,Recall,0.723433,filtered_gnn_svm_classification_seed-123_size-10.txt
filtered_gnn,svm,classification,123,10,test,F1,0.632143,filtered_gnn_svm_classification_seed-123_size-10.txt
filtered_gnn,svm,classification,123,10,test,ROC_AUC,0.425326,filtered_gnn_svm_classification_seed-123_size-10.txt
filtered_gnn,svm,classification,123,100,validation,Accuracy,0.701662,filtered_gnn_svm_classification_seed-123_size-100.txt
filtered_gnn,svm,classification,123,100,validation,Precision,0.699068,filtered_gnn_svm_classification_seed-123_size-100.txt
filtered_gnn,svm,classification,123,100,validation,Recall,0.756484,filtered_gnn_svm_classification_seed-123_size-100.txt
filtered_gnn,svm,classification,123,100,validation,F1,0.726644,filtered_gnn_svm_classification_seed-123_size-100.txt
filtered_gnn,svm,classification,123,100,validation,ROC_AUC,0.780227,filtered_gnn_svm_classification_seed-123_size-100.txt
filtered_gnn,svm,classification,123,100,test,Accuracy,0.697962,filtered_gnn_svm_classification_seed-123_size-100.txt
filtered_gnn,svm,classification,123,100,test,Precision,0.697157,filtered_gnn_svm_classification_seed-123_size-100.txt
filtered_gnn,svm,classification,123,100,test,Recall,0.768392,filtered_gnn_svm_classification_seed-123_size-100.txt
filtered_gnn,svm,classification,123,100,test,F1,0.731043,filtered_gnn_svm_classification_seed-123_size-100.txt
filtered_gnn,svm,classification,123,100,test,ROC_AUC,0.752065,filtered_gnn_svm_classification_seed-123_size-100.txt
filtered_gnn,svm,classification,123,20,validation,Accuracy,0.660876,filtered_gnn_svm_classification_seed-123_size-20.txt
filtered_gnn,svm,classification,123,20,validation,Precision,0.662252,filtered_gnn_svm_classification_seed-123_size-20.txt
filtered_gnn,svm,classification,123,20,validation,Recall,0.720461,filtered_gnn_svm_classification_seed-123_size-20.txt
filtered_gnn,svm,classification,123,20,validation,F1,0.690131,filtered_gnn_svm_classification_seed-123_size-20.txt
filtered_gnn,svm,classification,123,20,validation,ROC_AUC,0.28384,filtered_gnn_svm_classification_seed-123_size-20.txt
filtered_gnn,svm,classification,123,20,test,Accuracy,0.659389,filtered_gnn_svm_classification_seed-123_size-20.txt
filtered_gnn,svm,classification,123,20,test,Precision,0.648107,filtered_gnn_svm_classification_seed-123_size-20.txt
filtered_gnn,svm,classification,123,20,test,Recall,0.792916,filtered_gnn_svm_classification_seed-123_size-20.txt
filtered_gnn,svm,classification,123,20,test,F1,0.713235,filtered_gnn_svm_classification_seed-123_size-20.txt
filtered_gnn,svm,classification,123,20,test,ROC_AUC,0.25421,filtered_gnn_svm_classification_seed-123_size-20.txt
filtered_gnn,svm,classification,123,50,validation,Accuracy,0.651057,filtered_gnn_svm_classification_seed-123_size-50.txt
filtered_gnn,svm,classification,123,50,validation,Precision,0.637116,filtered_gnn_svm_classification_seed-123_size-50.txt
filtered_gnn,svm,classification,123,50,validation,Recall,0.776657,filtered_gnn_svm_classification_seed-123_size-50.txt
filtered_gnn,svm,classification,123,50,validation,F1,0.7,filtered_gnn_svm_classification_seed-123_size-50.txt
filtered_gnn,svm,classification,123,50,validation,ROC_AUC,0.707063,filtered_gnn_svm_classification_seed-123_size-50.txt
filtered_gnn,svm,classification,123,50,test,Accuracy,0.649927,filtered_gnn_svm_classification_seed-123_size-50.txt
filtered_gnn,svm,classification,123,50,test,Precision,0.628426,filtered_gnn_svm_classification_seed-123_size-50.txt
filtered_gnn,svm,classification,123,50,test,Recall,0.843324,filtered_gnn_svm_classification_seed-123_size-50.txt
filtered_gnn,svm,classification,123,50,test,F1,0.720186,filtered_gnn_svm_classification_seed-123_size-50.txt
filtered_gnn,svm,classification,123,50,test,ROC_AUC,0.731772,filtered_gnn_svm_classification_seed-123_size-50.txt
filtered_gnn,svm,classification,123,500,validation,Accuracy,0.785498,filtered_gnn_svm_classification_seed-123_size-500.txt
filtered_gnn,svm,classification,123,500,validation,Precision,0.814417,filtered_gnn_svm_classification_seed-123_size-500.txt
filtered_gnn,svm,classification,123,500,validation,Recall,0.76513,filtered_gnn_svm_classification_seed-123_size-500.txt
filtered_gnn,svm,classification,123,500,validation,F1,0.789004,filtered_gnn_svm_classification_seed-123_size-500.txt
filtered_gnn,svm,classification,123,500,validation,ROC_AUC,0.840163,filtered_gnn_svm_classification_seed-123_size-500.txt
filtered_gnn,svm,classification,123,500,test,Accuracy,0.799854,filtered_gnn_svm_classification_seed-123_size-500.txt
filtered_gnn,svm,classification,123,500,test,Precision,0.845113,filtered_gnn_svm_classification_seed-123_size-500.txt
filtered_gnn,svm,classification,123,500,test,Recall,0.765668,filtered_gnn_svm_classification_seed-123_size-500.txt
filtered_gnn,svm,classification,123,500,test,F1,0.803431,filtered_gnn_svm_classification_seed-123_size-500.txt
filtered_gnn,svm,classification,123,500,test,ROC_AUC,0.861099,filtered_gnn_svm_classification_seed-123_size-500.txt
filtered_gnn,svm,classification,2137,10,validation,Accuracy,0.572908,filtered_gnn_svm_classification_seed-2137_size-10.txt
filtered_gnn,svm,classification,2137,10,validation,Precision,0.554694,filtered_gnn_svm_classification_seed-2137_size-10.txt
filtered_gnn,svm,classification,2137,10,validation,Recall,0.971342,filtered_gnn_svm_classification_seed-2137_size-10.txt
filtered_gnn,svm,classification,2137,10,validation,F1,0.70614,filtered_gnn_svm_classification_seed-2137_size-10.txt
filtered_gnn,svm,classification,2137,10,validation,ROC_AUC,0.284574,filtered_gnn_svm_classification_seed-2137_size-10.txt
filtered_gnn,svm,classification,2137,10,test,Accuracy,0.465583,filtered_gnn_svm_classification_seed-2137_size-10.txt
filtered_gnn,svm,classification,2137,10,test,Precision,0.449949,filtered_gnn_svm_classification_seed-2137_size-10.txt
filtered_gnn,svm,classification,2137,10,test,Recall,0.967391,filtered_gnn_svm_classification_seed-2137_size-10.txt
filtered_gnn,svm,classification,2137,10,test,F1,0.614217,filtered_gnn_svm_classification_seed-2137_size-10.txt
filtered_gnn,svm,classification,2137,10,test,ROC_AUC,0.402059,filtered_gnn_svm_classification_seed-2137_size-10.txt
filtered_gnn,svm,classification,2137,100,validation,Accuracy,0.682072,filtered_gnn_svm_classification_seed-2137_size-100.txt
filtered_gnn,svm,classification,2137,100,validation,Precision,0.68232,filtered_gnn_svm_classification_seed-2137_size-100.txt
filtered_gnn,svm,classification,2137,100,validation,Recall,0.745098,filtered_gnn_svm_classification_seed-2137_size-100.txt
filtered_gnn,svm,classification,2137,100,validation,F1,0.712329,filtered_gnn_svm_classification_seed-2137_size-100.txt
filtered_gnn,svm,classification,2137,100,validation,ROC_AUC,0.752428,filtered_gnn_svm_classification_seed-2137_size-100.txt
filtered_gnn,svm,classification,2137,100,test,Accuracy,0.717973,filtered_gnn_svm_classification_seed-2137_size-100.txt
filtered_gnn,svm,classification,2137,100,test,Precision,0.637271,filtered_gnn_svm_classification_seed-2137_size-100.txt
filtered_gnn,svm,classification,2137,100,test,Recall,0.832609,filtered_gnn_svm_classification_seed-2137_size-100.txt
filtered_gnn,svm,classification,2137,100,test,F1,0.72196,filtered_gnn_svm_classification_seed-2137_size-100.txt
filtered_gnn,svm,classification,2137,100,test,ROC_AUC,0.823418,filtered_gnn_svm_classification_seed-2137_size-100.txt
filtered_gnn,svm,classification,2137,20,validation,Accuracy,0.528287,filtered_gnn_svm_classification_seed-2137_size-20.txt
filtered_gnn,svm,classification,2137,20,validation,Precision,0.528287,filtered_gnn_svm_classification_seed-2137_size-20.txt
filtered_gnn,svm,classification,2137,20,validation,Recall,1.0,filtered_gnn_svm_classification_seed-2137_size-20.txt
filtered_gnn,svm,classification,2137,20,validation,F1,0.691345,filtered_gnn_svm_classification_seed-2137_size-20.txt
filtered_gnn,svm,classification,2137,20,validation,ROC_AUC,0.300678,filtered_gnn_svm_classification_seed-2137_size-20.txt
filtered_gnn,svm,classification,2137,20,test,Accuracy,0.439771,filtered_gnn_svm_classification_seed-2137_size-20.txt
filtered_gnn,svm,classification,2137,20,test,Precision,0.439771,filtered_gnn_svm_classification_seed-2137_size-20.txt
filtered_gnn,svm,classification,2137,20,test,Recall,1.0,filtered_gnn_svm_classification_seed-2137_size-20.txt
filtered_gnn,svm,classification,2137,20,test,F1,0.61089,filtered_gnn_svm_classification_seed-2137_size-20.txt
filtered_gnn,svm,classification,2137,20,test,ROC_AUC,0.314635,filtered_gnn_svm_classification_seed-2137_size-20.txt
filtered_gnn,svm,classification,2137,50,validation,Accuracy,0.528287,filtered_gnn_svm_classification_seed-2137_size-50.txt
filtered_gnn,svm,classification,2137,50,validation,Precision,0.528287,filtered_gnn_svm_classification_seed-2137_size-50.txt
filtered_gnn,svm,classification,2137,50,validation,Recall,1.0,filtered_gnn_svm_classification_seed-2137_size-50.txt
filtered_gnn,svm,classification,2137,50,validation,F1,0.691345,filtered_gnn_svm_classification_seed-2137_size-50.txt
filtered_gnn,svm,classification,2137,50,validation,ROC_AUC,0.692473,filtered_gnn_svm_classification_seed-2137_size-50.txt
filtered_gnn,svm,classification,2137,50,test,Accuracy,0.439771,filtered_gnn_svm_classification_seed-2137_size-50.txt
filtered_gnn,svm,classification,2137,50,test,Precision,0.439771,filtered_gnn_svm_classification_seed-2137_size-50.txt
filtered_gnn,svm,classification,2137,50,test,Recall,1.0,filtered_gnn_svm_classification_seed-2137_size-50.txt
filtered_gnn,svm,classification,2137,50,test,F1,0.61089,filtered_gnn_svm_classification_seed-2137_size-50.txt
filtered_gnn,svm,classification,2137,50,test,ROC_AUC,0.688225,filtered_gnn_svm_classification_seed-2137_size-50.txt
filtered_gnn,svm,classification,42,10,validation,Accuracy,0.640203,filtered_gnn_svm_classification_seed-42_size-10.txt
filtered_gnn,svm,classification,42,10,validation,Precision,0.626927,filtered_gnn_svm_classification_seed-42_size-10.txt
filtered_gnn,svm,classification,42,10,validation,Recall,0.906389,filtered_gnn_svm_classification_seed-42_size-10.txt
filtered_gnn,svm,classification,42,10,validation,F1,0.741191,filtered_gnn_svm_classification_seed-42_size-10.txt
filtered_gnn,svm,classification,42,10,validation,ROC_AUC,0.342158,filtered_gnn_svm_classification_seed-42_size-10.txt
filtered_gnn,svm,classification,42,10,test,Accuracy,0.60075,filtered_gnn_svm_classification_seed-42_size-10.txt
filtered_gnn,svm,classification,42,10,test,Precision,0.591793,filtered_gnn_svm_classification_seed-42_size-10.txt
filtered_gnn,svm,classification,42,10,test,Recall,0.919463,filtered_gnn_svm_classification_seed-42_size-10.txt
filtered_gnn,svm,classification,42,10,test,F1,0.720105,filtered_gnn_svm_classification_seed-42_size-10.txt
filtered_gnn,svm,classification,42,10,test,ROC_AUC,0.369548,filtered_gnn_svm_classification_seed-42_size-10.txt
filtered_gnn,svm,classification,42,100,validation,Accuracy,0.720439,filtered_gnn_svm_classification_seed-42_size-100.txt
filtered_gnn,svm,classification,42,100,validation,Precision,0.744986,filtered_gnn_svm_classification_seed-42_size-100.txt
filtered_gnn,svm,classification,42,100,validation,Recall,0.77266,filtered_gnn_svm_classification_seed-42_size-100.txt
filtered_gnn,svm,classification,42,100,validation,F1,0.75857,filtered_gnn_svm_classification_seed-42_size-100.txt
filtered_gnn,svm,classification,42,100,validation,ROC_AUC,0.80145,filtered_gnn_svm_classification_seed-42_size-100.txt
filtered_gnn,svm,classification,42,100,test,Accuracy,0.68791,filtered_gnn_svm_classification_seed-42_size-100.txt
filtered_gnn,svm,classification,42,100,test,Precision,0.690304,filtered_gnn_svm_classification_seed-42_size-100.txt
filtered_gnn,svm,classification,42,100,test,Recall,0.800336,filtered_gnn_svm_classification_seed-42_size-100.txt
filtered_gnn,svm,classification,42,100,test,F1,0.741259,filtered_gnn_svm_classification_seed-42_size-100.txt
filtered_gnn,svm,classification,42,100,test,ROC_AUC,0.760805,filtered_gnn_svm_classification_seed-42_size-100.txt
filtered_gnn,svm,classification,42,20,validation,Accuracy,0.733108,filtered_gnn_svm_classification_seed-42_size-20.txt
filtered_gnn,svm,classification,42,20,validation,Precision,0.759071,filtered_gnn_svm_classification_seed-42_size-20.txt
filtered_gnn,svm,classification,42,20,validation,Recall,0.777117,filtered_gnn_svm_classification_seed-42_size-20.txt
filtered_gnn,svm,classification,42,20,validation,F1,0.767988,filtered_gnn_svm_classification_seed-42_size-20.txt
filtered_gnn,svm,classification,42,20,validation,ROC_AUC,0.196459,filtered_gnn_svm_classification_seed-42_size-20.txt
filtered_gnn,svm,classification,42,20,test,Accuracy,0.690722,filtered_gnn_svm_classification_seed-42_size-20.txt
filtered_gnn,svm,classification,42,20,test,Precision,0.695588,filtered_gnn_svm_classification_seed-42_size-20.txt
filtered_gnn,svm,classification,42,20,test,Recall,0.793624,filtered_gnn_svm_classification_seed-42_size-20.txt
filtered_gnn,svm,classification,42,20,test,F1,0.741379,filtered_gnn_svm_classification_seed-42_size-20.txt
filtered_gnn,svm,classification,42,20,test,ROC_AUC,0.219104,filtered_gnn_svm_classification_seed-42_size-20.txt
filtered_gnn,svm,classification,42,50,validation,Accuracy,0.748311,filtered_gnn_svm_classification_seed-42_size-50.txt
filtered_gnn,svm,classification,42,50,validation,Precision,0.795276,filtered_gnn_svm_classification_seed-42_size-50.txt
filtered_gnn,svm,classification,42,50,validation,Recall,0.750371,filtered_gnn_svm_classification_seed-42_size-50.txt
filtered_gnn,svm,classification,42,50,validation,F1,0.772171,filtered_gnn_svm_classification_seed-42_size-50.txt
filtered_gnn,svm,classification,42,50,validation,ROC_AUC,0.80368,filtered_gnn_svm_classification_seed-42_size-50.txt
filtered_gnn,svm,classification,42,50,test,Accuracy,0.742268,filtered_gnn_svm_classification_seed-42_size-50.txt
filtered_gnn,svm,classification,42,50,test,Precision,0.784071,filtered_gnn_svm_classification_seed-42_size-50.txt
filtered_gnn,svm,classification,42,50,test,Recall,0.743289,filtered_gnn_svm_classification_seed-42_size-50.txt
filtered_gnn,svm,classification,42,50,test,F1,0.763135,filtered_gnn_svm_classification_seed-42_size-50.txt
filtered_gnn,svm,classification,42,50,test,ROC_AUC,0.797115,filtered_gnn_svm_classification_seed-42_size-50.txt
filtered_gnn,svm,classification,42,500,validation,Accuracy,0.802365,filtered_gnn_svm_classification_seed-42_size-500.txt
filtered_gnn,svm,classification,42,500,validation,Precision,0.856911,filtered_gnn_svm_classification_seed-42_size-500.txt
filtered_gnn,svm,classification,42,500,validation,Recall,0.783061,filtered_gnn_svm_classification_seed-42_size-500.txt
filtered_gnn,svm,classification,42,500,validation,F1,0.818323,filtered_gnn_svm_classification_seed-42_size-500.txt
filtered_gnn,svm,classification,42,500,validation,ROC_AUC,0.866294,filtered_gnn_svm_classification_seed-42_size-500.txt
filtered_gnn,svm,classification,42,500,test,Accuracy,0.783505,filtered_gnn_svm_classification_seed-42_size-500.txt
filtered_gnn,svm,classification,42,500,test,Precision,0.815199,filtered_gnn_svm_classification_seed-42_size-500.txt
filtered_gnn,svm,classification,42,500,test,Recall,0.791946,filtered_gnn_svm_classification_seed-42_size-500.txt
filtered_gnn,svm,classification,42,500,test,F1,0.803404,filtered_gnn_svm_classification_seed-42_size-500.txt
filtered_gnn,svm,classification,42,500,test,ROC_AUC,0.84625,filtered_gnn_svm_classification_seed-42_size-500.txt
filtered_gnn,svm,regression,123,10,validation,R2,0.051044,filtered_gnn_svm_regression_seed-123_size-10.txt
filtered_gnn,svm,regression,123,10,validation,RMSE,1.197695,filtered_gnn_svm_regression_seed-123_size-10.txt
filtered_gnn,svm,regression,123,10,validation,MAE,0.977782,filtered_gnn_svm_regression_seed-123_size-10.txt
filtered_gnn,svm,regression,123,10,test,R2,0.0534,filtered_gnn_svm_regression_seed-123_size-10.txt
filtered_gnn,svm,regression,123,10,test,RMSE,1.18672,filtered_gnn_svm_regression_seed-123_size-10.txt
filtered_gnn,svm,regression,123,10,test,MAE,0.964068,filtered_gnn_svm_regression_seed-123_size-10.txt
filtered_gnn,svm,regression,123,100,validation,R2,0.292377,filtered_gnn_svm_regression_seed-123_size-100.txt
filtered_gnn,svm,regression,123,100,validation,RMSE,1.034247,filtered_gnn_svm_regression_seed-123_size-100.txt
filtered_gnn,svm,regression,123,100,validation,MAE,0.829297,filtered_gnn_svm_regression_seed-123_size-100.txt
filtered_gnn,svm,regression,123,100,test,R2,0.27244,filtered_gnn_svm_regression_seed-123_size-100.txt
filtered_gnn,svm,regression,123,100,test,RMSE,1.040398,filtered_gnn_svm_regression_seed-123_size-100.txt
filtered_gnn,svm,regression,123,100,test,MAE,0.826008,filtered_gnn_svm_regression_seed-123_size-100.txt
filtered_gnn,svm,regression,123,20,validation,R2,0.189517,filtered_gnn_svm_regression_seed-123_size-20.txt
filtered_gnn,svm,regression,123,20,validation,RMSE,1.106866,filtered_gnn_svm_regression_seed-123_size-20.txt
filtered_gnn,svm,regression,123,20,validation,MAE,0.901403,filtered_gnn_svm_regression_seed-123_size-20.txt
filtered_gnn,svm,regression,123,20,test,R2,0.204942,filtered_gnn_svm_regression_seed-123_size-20.txt
filtered_gnn,svm,regression,123,20,test,RMSE,1.087588,filtered_gnn_svm_regression_seed-123_size-20.txt
filtered_gnn,svm,regression,123,20,test,MAE,0.877967,filtered_gnn_svm_regression_seed-123_size-20.txt
filtered_gnn,svm,regression,123,50,validation,R2,0.221776,filtered_gnn_svm_regression_seed-123_size-50.txt
filtered_gnn,svm,regression,123,50,validation,RMSE,1.084615,filtered_gnn_svm_regression_seed-123_size-50.txt
filtered_gnn,svm,regression,123,50,validation,MAE,0.87671,filtered_gnn_svm_regression_seed-123_size-50.txt
filtered_gnn,svm,regression,123,50,test,R2,0.247373,filtered_gnn_svm_regression_seed-123_size-50.txt
filtered_gnn,svm,regression,123,50,test,RMSE,1.058168,filtered_gnn_svm_regression_seed-123_size-50.txt
filtered_gnn,svm,regression,123,50,test,MAE,0.864327,filtered_gnn_svm_regression_seed-123_size-50.txt
filtered_gnn,svm,regression,123,500,validation,R2,0.458949,filtered_gnn_svm_regression_seed-123_size-500.txt
filtered_gnn,svm,regression,123,500,validation,RMSE,0.904362,filtered_gnn_svm_regression_seed-123_size-500.txt
filtered_gnn,svm,regression,123,500,validation,MAE,0.719356,filtered_gnn_svm_regression_seed-123_size-500.txt
filtered_gnn,svm,regression,123,500,test,R2,0.473485,filtered_gnn_svm_regression_seed-123_size-500.txt
filtered_gnn,svm,regression,123,500,test,RMSE,0.885056,filtered_gnn_svm_regression_seed-123_size-500.txt
filtered_gnn,svm,regression,123,500,test,MAE,0.68809,filtered_gnn_svm_regression_seed-123_size-500.txt
filtered_gnn,svm,regression,2137,10,validation,R2,-0.126044,filtered_gnn_svm_regression_seed-2137_size-10.txt
filtered_gnn,svm,regression,2137,10,validation,RMSE,1.259809,filtered_gnn_svm_regression_seed-2137_size-10.txt
filtered_gnn,svm,regression,2137,10,validation,MAE,1.013155,filtered_gnn_svm_regression_seed-2137_size-10.txt
filtered_gnn,svm,regression,2137,10,test,R2,-0.350543,filtered_gnn_svm_regression_seed-2137_size-10.txt
filtered_gnn,svm,regression,2137,10,test,RMSE,1.402742,filtered_gnn_svm_regression_seed-2137_size-10.txt
filtered_gnn,svm,regression,2137,10,test,MAE,1.183541,filtered_gnn_svm_regression_seed-2137_size-10.txt
filtered_gnn,svm,regression,2137,100,validation,R2,0.251914,filtered_gnn_svm_regression_seed-2137_size-100.txt
filtered_gnn,svm,regression,2137,100,validation,RMSE,1.02684,filtered_gnn_svm_regression_seed-2137_size-100.txt
filtered_gnn,svm,regression,2137,100,validation,MAE,0.806554,filtered_gnn_svm_regression_seed-2137_size-100.txt
filtered_gnn,svm,regression,2137,100,test,R2,0.262847,filtered_gnn_svm_regression_seed-2137_size-100.txt
filtered_gnn,svm,regression,2137,100,test,RMSE,1.036341,filtered_gnn_svm_regression_seed-2137_size-100.txt
filtered_gnn,svm,regression,2137,100,test,MAE,0.819865,filtered_gnn_svm_regression_seed-2137_size-100.txt
filtered_gnn,svm,regression,2137,20,validation,R2,0.100128,filtered_gnn_svm_regression_seed-2137_size-20.txt
filtered_gnn,svm,regression,2137,20,validation,RMSE,1.126205,filtered_gnn_svm_regression_seed-2137_size-20.txt
filtered_gnn,svm,regression,2137,20,validation,MAE,0.878043,filtered_gnn_svm_regression_seed-2137_size-20.txt
filtered_gnn,svm,regression,2137,20,test,R2,-0.007556,filtered_gnn_svm_regression_seed-2137_size-20.txt
filtered_gnn,svm,regression,2137,20,test,RMSE,1.211598,filtered_gnn_svm_regression_seed-2137_size-20.txt
filtered_gnn,svm,regression,2137,20,test,MAE,0.971236,filtered_gnn_svm_regression_seed-2137_size-20.txt
filtered_gnn,svm,regression,2137,50,validation,R2,0.166003,filtered_gnn_svm_regression_seed-2137_size-50.txt
filtered_gnn,svm,regression,2137,50,validation,RMSE,1.084199,filtered_gnn_svm_regression_seed-2137_size-50.txt
filtered_gnn,svm,regression,2137,50,validation,MAE,0.877183,filtered_gnn_svm_regression_seed-2137_size-50.txt
filtered_gnn,svm,regression,2137,50,test,R2,0.131605,filtered_gnn_svm_regression_seed-2137_size-50.txt
filtered_gnn,svm,regression,2137,50,test,RMSE,1.124819,filtered_gnn_svm_regression_seed-2137_size-50.txt
filtered_gnn,svm,regression,2137,50,test,MAE,0.902142,filtered_gnn_svm_regression_seed-2137_size-50.txt
filtered_gnn,svm,regression,42,10,validation,R2,0.102548,filtered_gnn_svm_regression_seed-42_size-10.txt
filtered_gnn,svm,regression,42,10,validation,RMSE,1.163767,filtered_gnn_svm_regression_seed-42_size-10.txt
filtered_gnn,svm,regression,42,10,validation,MAE,0.961974,filtered_gnn_svm_regression_seed-42_size-10.txt
filtered_gnn,svm,regression,42,10,test,R2,0.115135,filtered_gnn_svm_regression_seed-42_size-10.txt
filtered_gnn,svm,regression,42,10,test,RMSE,1.15578,filtered_gnn_svm_regression_seed-42_size-10.txt
filtered_gnn,svm,regression,42,10,test,MAE,0.953028,filtered_gnn_svm_regression_seed-42_size-10.txt
filtered_gnn,svm,regression,42,100,validation,R2,0.228316,filtered_gnn_svm_regression_seed-42_size-100.txt
filtered_gnn,svm,regression,42,100,validation,RMSE,1.079146,filtered_gnn_svm_regression_seed-42_size-100.txt
filtered_gnn,svm,regression,42,100,validation,MAE,0.846756,filtered_gnn_svm_regression_seed-42_size-100.txt
filtered_gnn,svm,regression,42,100,test,R2,0.226194,filtered_gnn_svm_regression_seed-42_size-100.txt
filtered_gnn,svm,regression,42,100,test,RMSE,1.080818,filtered_gnn_svm_regression_seed-42_size-100.txt
filtered_gnn,svm,regression,42,100,test,MAE,0.847202,filtered_gnn_svm_regression_seed-42_size-100.txt
filtered_gnn,svm,regression,42,20,validation,R2,0.254076,filtered_gnn_svm_regression_seed-42_size-20.txt
filtered_gnn,svm,regression,42,20,validation,RMSE,1.060981,filtered_gnn_svm_regression_seed-42_size-20.txt
filtered_gnn,svm,regression,42,20,validation,MAE,0.841393,filtered_gnn_svm_regression_seed-42_size-20.txt
filtered_gnn,svm,regression,42,20,test,R2,0.170703,filtered_gnn_svm_regression_seed-42_size-20.txt
filtered_gnn,svm,regression,42,20,test,RMSE,1.118901,filtered_gnn_svm_regression_seed-42_size-20.txt
filtered_gnn,svm,regression,42,20,test,MAE,0.894229,filtered_gnn_svm_regression_seed-42_size-20.txt
filtered_gnn,svm,regression,42,50,validation,R2,0.228232,filtered_gnn_svm_regression_seed-42_size-50.txt
filtered_gnn,svm,regression,42,50,validation,RMSE,1.079205,filtered_gnn_svm_regression_seed-42_size-50.txt
filtered_gnn,svm,regression,42,50,validation,MAE,0.849335,filtered_gnn_svm_regression_seed-42_size-50.txt
filtered_gnn,svm,regression,42,50,test,R2,0.264511,filtered_gnn_svm_regression_seed-42_size-50.txt
filtered_gnn,svm,regression,42,50,test,RMSE,1.053718,filtered_gnn_svm_regression_seed-42_size-50.txt
filtered_gnn,svm,regression,42,50,test,MAE,0.841099,filtered_gnn_svm_regression_seed-42_size-50.txt
filtered_gnn,svm,regression,42,500,validation,R2,0.405566,filtered_gnn_svm_regression_seed-42_size-500.txt
filtered_gnn,svm,regression,42,500,validation,RMSE,0.947136,filtered_gnn_svm_regression_seed-42_size-500.txt
filtered_gnn,svm,regression,42,500,validation,MAE,0.737013,filtered_gnn_svm_regression_seed-42_size-500.txt
filtered_gnn,svm,regression,42,500,test,R2,0.399415,filtered_gnn_svm_regression_seed-42_size-500.txt
filtered_gnn,svm,regression,42,500,test,RMSE,0.95219,filtered_gnn_svm_regression_seed-42_size-500.txt
filtered_gnn,svm,regression,42,500,test,MAE,0.749413,filtered_gnn_svm_regression_seed-42_size-500.txt
filtered_gnn,xgboost,classification,123,10,validation,Accuracy,0.606495,filtered_gnn_xgboost_classification_seed-123_size-10.txt
filtered_gnn,xgboost,classification,123,10,validation,Precision,0.693512,filtered_gnn_xgboost_classification_seed-123_size-10.txt
filtered_gnn,xgboost,classification,123,10,validation,Recall,0.446686,filtered_gnn_xgboost_classification_seed-123_size-10.txt
filtered_gnn,xgboost,classification,123,10,validation,F1,0.543383,filtered_gnn_xgboost_classification_seed-123_size-10.txt
filtered_gnn,xgboost,classification,123,10,validation,ROC_AUC,0.63659,filtered_gnn_xgboost_classification_seed-123_size-10.txt
filtered_gnn,xgboost,classification,123,10,test,Accuracy,0.654294,filtered_gnn_xgboost_classification_seed-123_size-10.txt
filtered_gnn,xgboost,classification,123,10,test,Precision,0.723661,filtered_gnn_xgboost_classification_seed-123_size-10.txt
filtered_gnn,xgboost,classification,123,10,test,Recall,0.570845,filtered_gnn_xgboost_classification_seed-123_size-10.txt
filtered_gnn,xgboost,classification,123,10,test,F1,0.638233,filtered_gnn_xgboost_classification_seed-123_size-10.txt
filtered_gnn,xgboost,classification,123,10,test,ROC_AUC,0.727566,filtered_gnn_xgboost_classification_seed-123_size-10.txt
filtered_gnn,xgboost,classification,123,100,validation,Accuracy,0.688822,filtered_gnn_xgboost_classification_seed-123_size-100.txt
filtered_gnn,xgboost,classification,123,100,validation,Precision,0.703757,filtered_gnn_xgboost_classification_seed-123_size-100.txt
filtered_gnn,xgboost,classification,123,100,validation,Recall,0.701729,filtered_gnn_xgboost_classification_seed-123_size-100.txt
filtered_gnn,xgboost,classification,123,100,validation,F1,0.702742,filtered_gnn_xgboost_classification_seed-123_size-100.txt
filtered_gnn,xgboost,classification,123,100,validation,ROC_AUC,0.747841,filtered_gnn_xgboost_classification_seed-123_size-100.txt
filtered_gnn,xgboost,classification,123,100,test,Accuracy,0.647744,filtered_gnn_xgboost_classification_seed-123_size-100.txt
filtered_gnn,xgboost,classification,123,100,test,Precision,0.6703,filtered_gnn_xgboost_classification_seed-123_size-100.txt
filtered_gnn,xgboost,classification,123,100,test,Recall,0.6703,filtered_gnn_xgboost_classification_seed-123_size-100.txt
filtered_gnn,xgboost,classification,123,100,test,F1,0.6703,filtered_gnn_xgboost_classification_seed-123_size-100.txt
filtered_gnn,xgboost,classification,123,100,test,ROC_AUC,0.686812,filtered_gnn_xgboost_classification_seed-123_size-100.txt
filtered_gnn,xgboost,classification,123,20,validation,Accuracy,0.506042,filtered_gnn_xgboost_classification_seed-123_size-20.txt
filtered_gnn,xgboost,classification,123,20,validation,Precision,0.524938,filtered_gnn_xgboost_classification_seed-123_size-20.txt
filtered_gnn,xgboost,classification,123,20,validation,Recall,0.606628,filtered_gnn_xgboost_classification_seed-123_size-20.txt
filtered_gnn,xgboost,classification,123,20,validation,F1,0.562834,filtered_gnn_xgboost_classification_seed-123_size-20.txt
filtered_gnn,xgboost,classification,123,20,validation,ROC_AUC,0.513841,filtered_gnn_xgboost_classification_seed-123_size-20.txt
filtered_gnn,xgboost,classification,123,20,test,Accuracy,0.582969,filtered_gnn_xgboost_classification_seed-123_size-20.txt
filtered_gnn,xgboost,classification,123,20,test,Precision,0.601004,filtered_gnn_xgboost_classification_seed-123_size-20.txt
filtered_gnn,xgboost,classification,123,20,test,Recall,0.652589,filtered_gnn_xgboost_classification_seed-123_size-20.txt
filtered_gnn,xgboost,classification,123,20,test,F1,0.625735,filtered_gnn_xgboost_classification_seed-123_size-20.txt
filtered_gnn,xgboost,classification,123,20,test,ROC_AUC,0.593869,filtered_gnn_xgboost_classification_seed-123_size-20.txt
filtered_gnn,xgboost,classification,123,50,validation,Accuracy,0.663897,filtered_gnn_xgboost_classification_seed-123_size-50.txt
filtered_gnn,xgboost,classification,123,50,validation,Precision,0.681223,filtered_gnn_xgboost_classification_seed-123_size-50.txt
filtered_gnn,xgboost,classification,123,50,validation,Recall,0.674352,filtered_gnn_xgboost_classification_seed-123_size-50.txt
filtered_gnn,xgboost,classification,123,50,validation,F1,0.67777,filtered_gnn_xgboost_classification_seed-123_size-50.txt
filtered_gnn,xgboost,classification,123,50,validation,ROC_AUC,0.729293,filtered_gnn_xgboost_classification_seed-123_size-50.txt
filtered_gnn,xgboost,classification,123,50,test,Accuracy,0.703057,filtered_gnn_xgboost_classification_seed-123_size-50.txt
filtered_gnn,xgboost,classification,123,50,test,Precision,0.71114,filtered_gnn_xgboost_classification_seed-123_size-50.txt
filtered_gnn,xgboost,classification,123,50,test,Recall,0.747956,filtered_gnn_xgboost_classification_seed-123_size-50.txt
filtered_gnn,xgboost,classification,123,50,test,F1,0.729084,filtered_gnn_xgboost_classification_seed-123_size-50.txt
filtered_gnn,xgboost,classification,123,50,test,ROC_AUC,0.76109,filtered_gnn_xgboost_classification_seed-123_size-50.txt
filtered_gnn,xgboost,classification,123,500,validation,Accuracy,0.757553,filtered_gnn_xgboost_classification_seed-123_size-500.txt
filtered_gnn,xgboost,classification,123,500,validation,Precision,0.788253,filtered_gnn_xgboost_classification_seed-123_size-500.txt
filtered_gnn,xgboost,classification,123,500,validation,Recall,0.73487,filtered_gnn_xgboost_classification_seed-123_size-500.txt
filtered_gnn,xgboost,classification,123,500,validation,F1,0.760626,filtered_gnn_xgboost_classification_seed-123_size-500.txt
filtered_gnn,xgboost,classification,123,500,validation,ROC_AUC,0.830349,filtered_gnn_xgboost_classification_seed-123_size-500.txt
filtered_gnn,xgboost,classification,123,500,test,Accuracy,0.78821,filtered_gnn_xgboost_classification_seed-123_size-500.txt
filtered_gnn,xgboost,classification,123,500,test,Precision,0.817791,filtered_gnn_xgboost_classification_seed-123_size-500.txt
filtered_gnn,xgboost,classification,123,500,test,Recall,0.776567,filtered_gnn_xgboost_classification_seed-123_size-500.txt
filtered_gnn,xgboost,classification,123,500,test,F1,0.796646,filtered_gnn_xgboost_classification_seed-123_size-500.txt
filtered_gnn,xgboost,classification,123,500,test,ROC_AUC,0.858004,filtered_gnn_xgboost_classification_seed-123_size-500.txt
filtered_gnn,xgboost,classification,2137,10,validation,Accuracy,0.569721,filtered_gnn_xgboost_classification_seed-2137_size-10.txt
filtered_gnn,xgboost,classification,2137,10,validation,Precision,0.562059,filtered_gnn_xgboost_classification_seed-2137_size-10.txt
filtered_gnn,xgboost,classification,2137,10,validation,Recall,0.840121,filtered_gnn_xgboost_classification_seed-2137_size-10.txt
filtered_gnn,xgboost,classification,2137,10,validation,F1,0.673519,filtered_gnn_xgboost_classification_seed-2137_size-10.txt
filtered_gnn,xgboost,classification,2137,10,validation,ROC_AUC,0.601109,filtered_gnn_xgboost_classification_seed-2137_size-10.txt
filtered_gnn,xgboost,classification,2137,10,test,Accuracy,0.521989,filtered_gnn_xgboost_classification_seed-2137_size-10.txt
filtered_gnn,xgboost,classification,2137,10,test,Precision,0.476798,filtered_gnn_xgboost_classification_seed-2137_size-10.txt
filtered_gnn,xgboost,classification,2137,10,test,Recall,0.893478,filtered_gnn_xgboost_classification_seed-2137_size-10.txt
filtered_gnn,xgboost,classification,2137,10,test,F1,0.621785,filtered_gnn_xgboost_classification_seed-2137_size-10.txt
filtered_gnn,xgboost,classification,2137,10,test,ROC_AUC,0.638878,filtered_gnn_xgboost_classification_seed-2137_size-10.txt
filtered_gnn,xgboost,classification,2137,100,validation,Accuracy,0.640637,filtered_gnn_xgboost_classification_seed-2137_size-100.txt
filtered_gnn,xgboost,classification,2137,100,validation,Precision,0.625592,filtered_gnn_xgboost_classification_seed-2137_size-100.txt
filtered_gnn,xgboost,classification,2137,100,validation,Recall,0.79638,filtered_gnn_xgboost_classification_seed-2137_size-100.txt
filtered_gnn,xgboost,classification,2137,100,validation,F1,0.70073,filtered_gnn_xgboost_classification_seed-2137_size-100.txt
filtered_gnn,xgboost,classification,2137,100,validation,ROC_AUC,0.717612,filtered_gnn_xgboost_classification_seed-2137_size-100.txt
filtered_gnn,xgboost,classification,2137,100,test,Accuracy,0.594646,filtered_gnn_xgboost_classification_seed-2137_size-100.txt
filtered_gnn,xgboost,classification,2137,100,test,Precision,0.527273,filtered_gnn_xgboost_classification_seed-2137_size-100.txt
filtered_gnn,xgboost,classification,2137,100,test,Recall,0.756522,filtered_gnn_xgboost_classification_seed-2137_size-100.txt
filtered_gnn,xgboost,classification,2137,100,test,F1,0.621429,filtered_gnn_xgboost_classification_seed-2137_size-100.txt
filtered_gnn,xgboost,classification,2137,100,test,ROC_AUC,0.68607,filtered_gnn_xgboost_classification_seed-2137_size-100.txt
filtered_gnn,xgboost,classification,2137,20,validation,Accuracy,0.627888,filtered_gnn_xgboost_classification_seed-2137_size-20.txt
filtered_gnn,xgboost,classification,2137,20,validation,Precision,0.739024,filtered_gnn_xgboost_classification_seed-2137_size-20.txt
filtered_gnn,xgboost,classification,2137,20,validation,Recall,0.457014,filtered_gnn_xgboost_classification_seed-2137_size-20.txt
filtered_gnn,xgboost,classification,2137,20,validation,F1,0.564772,filtered_gnn_xgboost_classification_seed-2137_size-20.txt
filtered_gnn,xgboost,classification,2137,20,validation,ROC_AUC,0.673567,filtered_gnn_xgboost_classification_seed-2137_size-20.txt
filtered_gnn,xgboost,classification,2137,20,test,Accuracy,0.66826,filtered_gnn_xgboost_classification_seed-2137_size-20.txt
filtered_gnn,xgboost,classification,2137,20,test,Precision,0.661891,filtered_gnn_xgboost_classification_seed-2137_size-20.txt
filtered_gnn,xgboost,classification,2137,20,test,Recall,0.502174,filtered_gnn_xgboost_classification_seed-2137_size-20.txt
filtered_gnn,xgboost,classification,2137,20,test,F1,0.571075,filtered_gnn_xgboost_classification_seed-2137_size-20.txt
filtered_gnn,xgboost,classification,2137,20,test,ROC_AUC,0.677686,filtered_gnn_xgboost_classification_seed-2137_size-20.txt
filtered_gnn,xgboost,classification,2137,50,validation,Accuracy,0.627092,filtered_gnn_xgboost_classification_seed-2137_size-50.txt
filtered_gnn,xgboost,classification,2137,50,validation,Precision,0.641921,filtered_gnn_xgboost_classification_seed-2137_size-50.txt
filtered_gnn,xgboost,classification,2137,50,validation,Recall,0.665158,filtered_gnn_xgboost_classification_seed-2137_size-50.txt
filtered_gnn,xgboost,classification,2137,50,validation,F1,0.653333,filtered_gnn_xgboost_classification_seed-2137_size-50.txt
filtered_gnn,xgboost,classification,2137,50,validation,ROC_AUC,0.680668,filtered_gnn_xgboost_classification_seed-2137_size-50.txt
filtered_gnn,xgboost,classification,2137,50,test,Accuracy,0.640535,filtered_gnn_xgboost_classification_seed-2137_size-50.txt
filtered_gnn,xgboost,classification,2137,50,test,Precision,0.572414,filtered_gnn_xgboost_classification_seed-2137_size-50.txt
filtered_gnn,xgboost,classification,2137,50,test,Recall,0.721739,filtered_gnn_xgboost_classification_seed-2137_size-50.txt
filtered_gnn,xgboost,classification,2137,50,test,F1,0.638462,filtered_gnn_xgboost_classification_seed-2137_size-50.txt
filtered_gnn,xgboost,classification,2137,50,test,ROC_AUC,0.685343,filtered_gnn_xgboost_classification_seed-2137_size-50.txt
filtered_gnn,xgboost,classification,2137,500,validation,Accuracy,0.720319,filtered_gnn_xgboost_classification_seed-2137_size-500.txt
filtered_gnn,xgboost,classification,2137,500,validation,Precision,0.742991,filtered_gnn_xgboost_classification_seed-2137_size-500.txt
filtered_gnn,xgboost,classification,2137,500,validation,Recall,0.719457,filtered_gnn_xgboost_classification_seed-2137_size-500.txt
filtered_gnn,xgboost,classification,2137,500,validation,F1,0.731034,filtered_gnn_xgboost_classification_seed-2137_size-500.txt
filtered_gnn,xgboost,classification,2137,500,validation,ROC_AUC,0.796713,filtered_gnn_xgboost_classification_seed-2137_size-500.txt
filtered_gnn,xgboost,classification,2137,500,test,Accuracy,0.730402,filtered_gnn_xgboost_classification_seed-2137_size-500.txt
filtered_gnn,xgboost,classification,2137,500,test,Precision,0.660072,filtered_gnn_xgboost_classification_seed-2137_size-500.txt
filtered_gnn,xgboost,classification,2137,500,test,Recall,0.797826,filtered_gnn_xgboost_classification_seed-2137_size-500.txt
filtered_gnn,xgboost,classification,2137,500,test,F1,0.722441,filtered_gnn_xgboost_classification_seed-2137_size-500.txt
filtered_gnn,xgboost,classification,2137,500,test,ROC_AUC,0.836892,filtered_gnn_xgboost_classification_seed-2137_size-500.txt
filtered_gnn,xgboost,classification,42,10,validation,Accuracy,0.625,filtered_gnn_xgboost_classification_seed-42_size-10.txt
filtered_gnn,xgboost,classification,42,10,validation,Precision,0.649283,filtered_gnn_xgboost_classification_seed-42_size-10.txt
filtered_gnn,xgboost,classification,42,10,validation,Recall,0.73997,filtered_gnn_xgboost_classification_seed-42_size-10.txt
filtered_gnn,xgboost,classification,42,10,validation,F1,0.691667,filtered_gnn_xgboost_classification_seed-42_size-10.txt
filtered_gnn,xgboost,classification,42,10,validation,ROC_AUC,0.606776,filtered_gnn_xgboost_classification_seed-42_size-10.txt
filtered_gnn,xgboost,classification,42,10,test,Accuracy,0.572634,filtered_gnn_xgboost_classification_seed-42_size-10.txt
filtered_gnn,xgboost,classification,42,10,test,Precision,0.607362,filtered_gnn_xgboost_classification_seed-42_size-10.txt
filtered_gnn,xgboost,classification,42,10,test,Recall,0.66443,filtered_gnn_xgboost_classification_seed-42_size-10.txt
filtered_gnn,xgboost,classification,42,10,test,F1,0.634615,filtered_gnn_xgboost_classification_seed-42_size-10.txt
filtered_gnn,xgboost,classification,42,10,test,ROC_AUC,0.560453,filtered_gnn_xgboost_classification_seed-42_size-10.txt
filtered_gnn,xgboost,classification,42,100,validation,Accuracy,0.719595,filtered_gnn_xgboost_classification_seed-42_size-100.txt
filtered_gnn,xgboost,classification,42,100,validation,Precision,0.803922,filtered_gnn_xgboost_classification_seed-42_size-100.txt
filtered_gnn,xgboost,classification,42,100,validation,Recall,0.670134,filtered_gnn_xgboost_classification_seed-42_size-100.txt
filtered_gnn,xgboost,classification,42,100,validation,F1,0.730956,filtered_gnn_xgboost_classification_seed-42_size-100.txt
filtered_gnn,xgboost,classification,42,100,validation,ROC_AUC,0.791419,filtered_gnn_xgboost_classification_seed-42_size-100.txt
filtered_gnn,xgboost,classification,42,100,test,Accuracy,0.699157,filtered_gnn_xgboost_classification_seed-42_size-100.txt
filtered_gnn,xgboost,classification,42,100,test,Precision,0.778905,filtered_gnn_xgboost_classification_seed-42_size-100.txt
filtered_gnn,xgboost,classification,42,100,test,Recall,0.644295,filtered_gnn_xgboost_classification_seed-42_size-100.txt
filtered_gnn,xgboost,classification,42,100,test,F1,0.705234,filtered_gnn_xgboost_classification_seed-42_size-100.txt
filtered_gnn,xgboost,classification,42,100,test,ROC_AUC,0.782107,filtered_gnn_xgboost_classification_seed-42_size-100.txt
filtered_gnn,xgboost,classification,42,20,validation,Accuracy,0.717905,filtered_gnn_xgboost_classification_seed-42_size-20.txt
filtered_gnn,xgboost,classification,42,20,validation,Precision,0.754123,filtered_gnn_xgboost_classification_seed-42_size-20.txt
filtered_gnn,xgboost,classification,42,20,validation,Recall,0.7474,filtered_gnn_xgboost_classification_seed-42_size-20.txt
filtered_gnn,xgboost,classification,42,20,validation,F1,0.750746,filtered_gnn_xgboost_classification_seed-42_size-20.txt
filtered_gnn,xgboost,classification,42,20,validation,ROC_AUC,0.764108,filtered_gnn_xgboost_classification_seed-42_size-20.txt
filtered_gnn,xgboost,classification,42,20,test,Accuracy,0.679475,filtered_gnn_xgboost_classification_seed-42_size-20.txt
filtered_gnn,xgboost,classification,42,20,test,Precision,0.69419,filtered_gnn_xgboost_classification_seed-42_size-20.txt
filtered_gnn,xgboost,classification,42,20,test,Recall,0.761745,filtered_gnn_xgboost_classification_seed-42_size-20.txt
filtered_gnn,xgboost,classification,42,20,test,F1,0.7264,filtered_gnn_xgboost_classification_seed-42_size-20.txt
filtered_gnn,xgboost,classification,42,20,test,ROC_AUC,0.726106,filtered_gnn_xgboost_classification_seed-42_size-20.txt
filtered_gnn,xgboost,classification,42,50,validation,Accuracy,0.71875,filtered_gnn_xgboost_classification_seed-42_size-50.txt
filtered_gnn,xgboost,classification,42,50,validation,Precision,0.774194,filtered_gnn_xgboost_classification_seed-42_size-50.txt
filtered_gnn,xgboost,classification,42,50,validation,Recall,0.713224,filtered_gnn_xgboost_classification_seed-42_size-50.txt
filtered_gnn,xgboost,classification,42,50,validation,F1,0.742459,filtered_gnn_xgboost_classification_seed-42_size-50.txt
filtered_gnn,xgboost,classification,42,50,validation,ROC_AUC,0.774449,filtered_gnn_xgboost_classification_seed-42_size-50.txt
filtered_gnn,xgboost,classification,42,50,test,Accuracy,0.655108,filtered_gnn_xgboost_classification_seed-42_size-50.txt
filtered_gnn,xgboost,classification,42,50,test,Precision,0.697232,filtered_gnn_xgboost_classification_seed-42_size-50.txt
filtered_gnn,xgboost,classification,42,50,test,Recall,0.676174,filtered_gnn_xgboost_classification_seed-42_size-50.txt
filtered_gnn,xgboost,classification,42,50,test,F1,0.686542,filtered_gnn_xgboost_classification_seed-42_size-50.txt
filtered_gnn,xgboost,classification,42,50,test,ROC_AUC,0.734239,filtered_gnn_xgboost_classification_seed-42_size-50.txt
filtered_gnn,xgboost,classification,42,500,validation,Accuracy,0.790541,filtered_gnn_xgboost_classification_seed-42_size-500.txt
filtered_gnn,xgboost,classification,42,500,validation,Precision,0.829457,filtered_gnn_xgboost_classification_seed-42_size-500.txt
filtered_gnn,xgboost,classification,42,500,validation,Recall,0.794948,filtered_gnn_xgboost_classification_seed-42_size-500.txt
filtered_gnn,xgboost,classification,42,500,validation,F1,0.811836,filtered_gnn_xgboost_classification_seed-42_size-500.txt
filtered_gnn,xgboost,classification,42,500,validation,ROC_AUC,0.852804,filtered_gnn_xgboost_classification_seed-42_size-500.txt
filtered_gnn,xgboost,classification,42,500,test,Accuracy,0.782568,filtered_gnn_xgboost_classification_seed-42_size-500.txt
filtered_gnn,xgboost,classification,42,500,test,Precision,0.809524,filtered_gnn_xgboost_classification_seed-42_size-500.txt
filtered_gnn,xgboost,classification,42,500,test,Recall,0.798658,filtered_gnn_xgboost_classification_seed-42_size-500.txt
filtered_gnn,xgboost,classification,42,500,test,F1,0.804054,filtered_gnn_xgboost_classification_seed-42_size-500.txt
filtered_gnn,xgboost,classification,42,500,test,ROC_AUC,0.854105,filtered_gnn_xgboost_classification_seed-42_size-500.txt
filtered_gnn,xgboost,regression,123,10,validation,R2,-0.047034,filtered_gnn_xgboost_regression_seed-123_size-10.txt
filtered_gnn,xgboost,regression,123,10,validation,RMSE,1.258067,filtered_gnn_xgboost_regression_seed-123_size-10.txt
filtered_gnn,xgboost,regression,123,10,validation,MAE,1.018411,filtered_gnn_xgboost_regression_seed-123_size-10.txt
filtered_gnn,xgboost,regression,123,10,test,R2,-0.108484,filtered_gnn_xgboost_regression_seed-123_size-10.txt
filtered_gnn,xgboost,regression,123,10,test,RMSE,1.284191,filtered_gnn_xgboost_regression_seed-123_size-10.txt
filtered_gnn,xgboost,regression,123,10,test,MAE,1.047838,filtered_gnn_xgboost_regression_seed-123_size-10.txt
filtered_gnn,xgboost,regression,123,100,validation,R2,0.164808,filtered_gnn_xgboost_regression_seed-123_size-100.txt
filtered_gnn,xgboost,regression,123,100,validation,RMSE,1.123612,filtered_gnn_xgboost_regression_seed-123_size-100.txt
filtered_gnn,xgboost,regression,123,100,validation,MAE,0.895301,filtered_gnn_xgboost_regression_seed-123_size-100.txt
filtered_gnn,xgboost,regression,123,100,test,R2,0.023496,filtered_gnn_xgboost_regression_seed-123_size-100.txt
filtered_gnn,xgboost,regression,123,100,test,RMSE,1.205319,filtered_gnn_xgboost_regression_seed-123_size-100.txt
filtered_gnn,xgboost,regression,123,100,test,MAE,0.973579,filtered_gnn_xgboost_regression_seed-123_size-100.txt
filtered_gnn,xgboost,regression,123,20,validation,R2,0.106934,filtered_gnn_xgboost_regression_seed-123_size-20.txt
filtered_gnn,xgboost,regression,123,20,validation,RMSE,1.16189,filtered_gnn_xgboost_regression_seed-123_size-20.txt
filtered_gnn,xgboost,regression,123,20,validation,MAE,0.968744,filtered_gnn_xgboost_regression_seed-123_size-20.txt
filtered_gnn,xgboost,regression,123,20,test,R2,0.111567,filtered_gnn_xgboost_regression_seed-123_size-20.txt
filtered_gnn,xgboost,regression,123,20,test,RMSE,1.149681,filtered_gnn_xgboost_regression_seed-123_size-20.txt
filtered_gnn,xgboost,regression,123,20,test,MAE,0.942157,filtered_gnn_xgboost_regression_seed-123_size-20.txt
filtered_gnn,xgboost,regression,123,50,validation,R2,0.037159,filtered_gnn_xgboost_regression_seed-123_size-50.txt
filtered_gnn,xgboost,regression,123,50,validation,RMSE,1.206426,filtered_gnn_xgboost_regression_seed-123_size-50.txt
filtered_gnn,xgboost,regression,123,50,validation,MAE,0.971628,filtered_gnn_xgboost_regression_seed-123_size-50.txt
filtered_gnn,xgboost,regression,123,50,test,R2,0.086991,filtered_gnn_xgboost_regression_seed-123_size-50.txt
filtered_gnn,xgboost,regression,123,50,test,RMSE,1.165474,filtered_gnn_xgboost_regression_seed-123_size-50.txt
filtered_gnn,xgboost,regression,123,50,test,MAE,0.945692,filtered_gnn_xgboost_regression_seed-123_size-50.txt
filtered_gnn,xgboost,regression,123,500,validation,R2,0.410541,filtered_gnn_xgboost_regression_seed-123_size-500.txt
filtered_gnn,xgboost,regression,123,500,validation,RMSE,0.943952,filtered_gnn_xgboost_regression_seed-123_size-500.txt
filtered_gnn,xgboost,regression,123,500,validation,MAE,0.747241,filtered_gnn_xgboost_regression_seed-123_size-500.txt
filtered_gnn,xgboost,regression,123,500,test,R2,0.432193,filtered_gnn_xgboost_regression_seed-123_size-500.txt
filtered_gnn,xgboost,regression,123,500,test,RMSE,0.919105,filtered_gnn_xgboost_regression_seed-123_size-500.txt
filtered_gnn,xgboost,regression,123,500,test,MAE,0.723447,filtered_gnn_xgboost_regression_seed-123_size-500.txt
filtered_gnn,xgboost,regression,2137,10,validation,R2,-0.289171,filtered_gnn_xgboost_regression_seed-2137_size-10.txt
filtered_gnn,xgboost,regression,2137,10,validation,RMSE,1.347976,filtered_gnn_xgboost_regression_seed-2137_size-10.txt
filtered_gnn,xgboost,regression,2137,10,validation,MAE,1.106859,filtered_gnn_xgboost_regression_seed-2137_size-10.txt
filtered_gnn,xgboost,regression,2137,10,test,R2,-0.433054,filtered_gnn_xgboost_regression_seed-2137_size-10.txt
filtered_gnn,xgboost,regression,2137,10,test,RMSE,1.444957,filtered_gnn_xgboost_regression_seed-2137_size-10.txt
filtered_gnn,xgboost,regression,2137,10,test,MAE,1.207624,filtered_gnn_xgboost_regression_seed-2137_size-10.txt
filtered_gnn,xgboost,regression,2137,100,validation,R2,0.082283,filtered_gnn_xgboost_regression_seed-2137_size-100.txt
filtered_gnn,xgboost,regression,2137,100,validation,RMSE,1.137317,filtered_gnn_xgboost_regression_seed-2137_size-100.txt
filtered_gnn,xgboost,regression,2137,100,validation,MAE,0.906092,filtered_gnn_xgboost_regression_seed-2137_size-100.txt
filtered_gnn,xgboost,regression,2137,100,test,R2,0.1222,filtered_gnn_xgboost_regression_seed-2137_size-100.txt
filtered_gnn,xgboost,regression,2137,100,test,RMSE,1.130893,filtered_gnn_xgboost_regression_seed-2137_size-100.txt
filtered_gnn,xgboost,regression,2137,100,test,MAE,0.911709,filtered_gnn_xgboost_regression_seed-2137_size-100.txt
filtered_gnn,xgboost,regression,2137,20,validation,R2,-0.034505,filtered_gnn_xgboost_regression_seed-2137_size-20.txt
filtered_gnn,xgboost,regression,2137,20,validation,RMSE,1.207517,filtered_gnn_xgboost_regression_seed-2137_size-20.txt
filtered_gnn,xgboost,regression,2137,20,validation,MAE,0.986351,filtered_gnn_xgboost_regression_seed-2137_size-20.txt
filtered_gnn,xgboost,regression,2137,20,test,R2,-0.28804,filtered_gnn_xgboost_regression_seed-2137_size-20.txt
filtered_gnn,xgboost,regression,2137,20,test,RMSE,1.369899,filtered_gnn_xgboost_regression_seed-2137_size-20.txt
filtered_gnn,xgboost,regression,2137,20,test,MAE,1.142622,filtered_gnn_xgboost_regression_seed-2137_size-20.txt
filtered_gnn,xgboost,regression,2137,50,validation,R2,0.117073,filtered_gnn_xgboost_regression_seed-2137_size-50.txt
filtered_gnn,xgboost,regression,2137,50,validation,RMSE,1.115551,filtered_gnn_xgboost_regression_seed-2137_size-50.txt
filtered_gnn,xgboost,regression,2137,50,validation,MAE,0.890674,filtered_gnn_xgboost_regression_seed-2137_size-50.txt
filtered_gnn,xgboost,regression,2137,50,test,R2,-0.017701,filtered_gnn_xgboost_regression_seed-2137_size-50.txt
filtered_gnn,xgboost,regression,2137,50,test,RMSE,1.217682,filtered_gnn_xgboost_regression_seed-2137_size-50.txt
filtered_gnn,xgboost,regression,2137,50,test,MAE,1.009105,filtered_gnn_xgboost_regression_seed-2137_size-50.txt
filtered_gnn,xgboost,regression,2137,500,validation,R2,0.361909,filtered_gnn_xgboost_regression_seed-2137_size-500.txt
filtered_gnn,xgboost,regression,2137,500,validation,RMSE,0.948349,filtered_gnn_xgboost_regression_seed-2137_size-500.txt
filtered_gnn,xgboost,regression,2137,500,validation,MAE,0.740005,filtered_gnn_xgboost_regression_seed-2137_size-500.txt
filtered_gnn,xgboost,regression,2137,500,test,R2,0.383721,filtered_gnn_xgboost_regression_seed-2137_size-500.txt
filtered_gnn,xgboost,regression,2137,500,test,RMSE,0.947573,filtered_gnn_xgboost_regression_seed-2137_size-500.txt
filtered_gnn,xgboost,regression,2137,500,test,MAE,0.751146,filtered_gnn_xgboost_regression_seed-2137_size-500.txt
filtered_gnn,xgboost,regression,42,10,validation,R2,0.01663,filtered_gnn_xgboost_regression_seed-42_size-10.txt
filtered_gnn,xgboost,regression,42,10,validation,RMSE,1.218201,filtered_gnn_xgboost_regression_seed-42_size-10.txt
filtered_gnn,xgboost,regression,42,10,validation,MAE,0.991695,filtered_gnn_xgboost_regression_seed-42_size-10.txt
filtered_gnn,xgboost,regression,42,10,test,R2,-0.023917,filtered_gnn_xgboost_regression_seed-42_size-10.txt
filtered_gnn,xgboost,regression,42,10,test,RMSE,1.24328,filtered_gnn_xgboost_regression_seed-42_size-10.txt
filtered_gnn,xgboost,regression,42,10,test,MAE,1.032997,filtered_gnn_xgboost_regression_seed-42_size-10.txt
filtered_gnn,xgboost,regression,42,100,validation,R2,0.230372,filtered_gnn_xgboost_regression_seed-42_size-100.txt
filtered_gnn,xgboost,regression,42,100,validation,RMSE,1.077707,filtered_gnn_xgboost_regression_seed-42_size-100.txt
filtered_gnn,xgboost,regression,42,100,validation,MAE,0.860434,filtered_gnn_xgboost_regression_seed-42_size-100.txt
filtered_gnn,xgboost,regression,42,100,test,R2,0.202185,filtered_gnn_xgboost_regression_seed-42_size-100.txt
filtered_gnn,xgboost,regression,42,100,test,RMSE,1.097457,filtered_gnn_xgboost_regression_seed-42_size-100.txt
filtered_gnn,xgboost,regression,42,100,test,MAE,0.875146,filtered_gnn_xgboost_regression_seed-42_size-100.txt
filtered_gnn,xgboost,regression,42,20,validation,R2,0.083415,filtered_gnn_xgboost_regression_seed-42_size-20.txt
filtered_gnn,xgboost,regression,42,20,validation,RMSE,1.176107,filtered_gnn_xgboost_regression_seed-42_size-20.txt
filtered_gnn,xgboost,regression,42,20,validation,MAE,0.933852,filtered_gnn_xgboost_regression_seed-42_size-20.txt
filtered_gnn,xgboost,regression,42,20,test,R2,-0.029387,filtered_gnn_xgboost_regression_seed-42_size-20.txt
filtered_gnn,xgboost,regression,42,20,test,RMSE,1.246596,filtered_gnn_xgboost_regression_seed-42_size-20.txt
filtered_gnn,xgboost,regression,42,20,test,MAE,1.008892,filtered_gnn_xgboost_regression_seed-42_size-20.txt
filtered_gnn,xgboost,regression,42,50,validation,R2,0.111547,filtered_gnn_xgboost_regression_seed-42_size-50.txt
filtered_gnn,xgboost,regression,42,50,validation,RMSE,1.157918,filtered_gnn_xgboost_regression_seed-42_size-50.txt
filtered_gnn,xgboost,regression,42,50,validation,MAE,0.937762,filtered_gnn_xgboost_regression_seed-42_size-50.txt
filtered_gnn,xgboost,regression,42,50,test,R2,0.145651,filtered_gnn_xgboost_regression_seed-42_size-50.txt
filtered_gnn,xgboost,regression,42,50,test,RMSE,1.135676,filtered_gnn_xgboost_regression_seed-42_size-50.txt
filtered_gnn,xgboost,regression,42,50,test,MAE,0.915171,filtered_gnn_xgboost_regression_seed-42_size-50.txt
filtered_gnn,xgboost,regression,42,500,validation,R2,0.405172,filtered_gnn_xgboost_regression_seed-42_size-500.txt
filtered_gnn,xgboost,regression,42,500,validation,RMSE,0.94745,filtered_gnn_xgboost_regression_seed-42_size-500.txt
filtered_gnn,xgboost,regression,42,500,validation,MAE,0.732946,filtered_gnn_xgboost_regression_seed-42_size-500.txt
filtered_gnn,xgboost,regression,42,500,test,R2,0.391651,filtered_gnn_xgboost_regression_seed-42_size-500.txt
filtered_gnn,xgboost,regression,42,500,test,RMSE,0.958326,filtered_gnn_xgboost_regression_seed-42_size-500.txt
filtered_gnn,xgboost,regression,42,500,test,MAE,0.746076,filtered_gnn_xgboost_regression_seed-42_size-500.txt
fingerprint,mlp,classification,123,10,validation,Accuracy,0.713746,fingerprint_mlp_classification_seed-123_size-10.txt
fingerprint,mlp,classification,123,10,validation,Precision,0.774869,fingerprint_mlp_classification_seed-123_size-10.txt
fingerprint,mlp,classification,123,10,validation,Recall,0.639769,fingerprint_mlp_classification_seed-123_size-10.txt
fingerprint,mlp,classification,123,10,validation,F1,0.700868,fingerprint_mlp_classification_seed-123_size-10.txt
fingerprint,mlp,classification,123,10,validation,ROC_AUC,0.769945,fingerprint_mlp_classification_seed-123_size-10.txt
fingerprint,mlp,classification,123,10,test,Accuracy,0.705968,fingerprint_mlp_classification_seed-123_size-10.txt
fingerprint,mlp,classification,123,10,test,Precision,0.741228,fingerprint_mlp_classification_seed-123_size-10.txt
fingerprint,mlp,classification,123,10,test,Recall,0.690736,fingerprint_mlp_classification_seed-123_size-10.txt
fingerprint,mlp,classification,123,10,test,F1,0.715092,fingerprint_mlp_classification_seed-123_size-10.txt
fingerprint,mlp,classification,123,10,test,ROC_AUC,0.789133,fingerprint_mlp_classification_seed-123_size-10.txt
fingerprint,mlp,classification,123,100,validation,Accuracy,0.780211,fingerprint_mlp_classification_seed-123_size-100.txt
fingerprint,mlp,classification,123,100,validation,Precision,0.816327,fingerprint_mlp_classification_seed-123_size-100.txt
fingerprint,mlp,classification,123,100,validation,Recall,0.74928,fingerprint_mlp_classification_seed-123_size-100.txt
fingerprint,mlp,classification,123,100,validation,F1,0.781367,fingerprint_mlp_classification_seed-123_size-100.txt
fingerprint,mlp,classification,123,100,validation,ROC_AUC,0.812402,fingerprint_mlp_classification_seed-123_size-100.txt
fingerprint,mlp,classification,123,100,test,Accuracy,0.770015,fingerprint_mlp_classification_seed-123_size-100.txt
fingerprint,mlp,classification,123,100,test,Precision,0.787879,fingerprint_mlp_classification_seed-123_size-100.txt
fingerprint,mlp,classification,123,100,test,Recall,0.779292,fingerprint_mlp_classification_seed-123_size-100.txt
fingerprint,mlp,classification,123,100,test,F1,0.783562,fingerprint_mlp_classification_seed-123_size-100.txt
fingerprint,mlp,classification,123,100,test,ROC_AUC,0.814371,fingerprint_mlp_classification_seed-123_size-100.txt
fingerprint,mlp,classification,123,20,validation,Accuracy,0.723565,fingerprint_mlp_classification_seed-123_size-20.txt
fingerprint,mlp,classification,123,20,validation,Precision,0.723433,fingerprint_mlp_classification_seed-123_size-20.txt
fingerprint,mlp,classification,123,20,validation,Recall,0.76513,fingerprint_mlp_classification_seed-123_size-20.txt
fingerprint,mlp,classification,123,20,validation,F1,0.743697,fingerprint_mlp_classification_seed-123_size-20.txt
fingerprint,mlp,classification,123,20,validation,ROC_AUC,0.792639,fingerprint_mlp_classification_seed-123_size-20.txt
fingerprint,mlp,classification,123,20,test,Accuracy,0.683406,fingerprint_mlp_classification_seed-123_size-20.txt
fingerprint,mlp,classification,123,20,test,Precision,0.671642,fingerprint_mlp_classification_seed-123_size-20.txt
fingerprint,mlp,classification,123,20,test,Recall,0.797003,fingerprint_mlp_classification_seed-123_size-20.txt
fingerprint,mlp,classification,123,20,test,F1,0.728972,fingerprint_mlp_classification_seed-123_size-20.txt
fingerprint,mlp,classification,123,20,test,ROC_AUC,0.78678,fingerprint_mlp_classification_seed-123_size-20.txt
fingerprint,mlp,classification,123,50,validation,Accuracy,0.688822,fingerprint_mlp_classification_seed-123_size-50.txt
fingerprint,mlp,classification,123,50,validation,Precision,0.681701,fingerprint_mlp_classification_seed-123_size-50.txt
fingerprint,mlp,classification,123,50,validation,Recall,0.762248,fingerprint_mlp_classification_seed-123_size-50.txt
fingerprint,mlp,classification,123,50,validation,F1,0.719728,fingerprint_mlp_classification_seed-123_size-50.txt
fingerprint,mlp,classification,123,50,validation,ROC_AUC,0.776425,fingerprint_mlp_classification_seed-123_size-50.txt
fingerprint,mlp,classification,123,50,test,Accuracy,0.676856,fingerprint_mlp_classification_seed-123_size-50.txt
fingerprint,mlp,classification,123,50,test,Precision,0.679901,fingerprint_mlp_classification_seed-123_size-50.txt
fingerprint,mlp,classification,123,50,test,Recall,0.746594,fingerprint_mlp_classification_seed-123_size-50.txt
fingerprint,mlp,classification,123,50,test,F1,0.711688,fingerprint_mlp_classification_seed-123_size-50.txt
fingerprint,mlp,classification,123,50,test,ROC_AUC,0.775209,fingerprint_mlp_classification_seed-123_size-50.txt
fingerprint,mlp,classification,123,500,validation,Accuracy,0.810423,fingerprint_mlp_classification_seed-123_size-500.txt
fingerprint,mlp,classification,123,500,validation,Precision,0.830104,fingerprint_mlp_classification_seed-123_size-500.txt
fingerprint,mlp,classification,123,500,validation,Recall,0.802594,fingerprint_mlp_classification_seed-123_size-500.txt
fingerprint,mlp,classification,123,500,validation,F1,0.816117,fingerprint_mlp_classification_seed-123_size-500.txt
fingerprint,mlp,classification,123,500,validation,ROC_AUC,0.892534,fingerprint_mlp_classification_seed-123_size-500.txt
fingerprint,mlp,classification,123,500,test,Accuracy,0.830422,fingerprint_mlp_classification_seed-123_size-500.txt
fingerprint,mlp,classification,123,500,test,Precision,0.836242,fingerprint_mlp_classification_seed-123_size-500.txt
fingerprint,mlp,classification,123,500,test,Recall,0.848774,fingerprint_mlp_classification_seed-123_size-500.txt
fingerprint,mlp,classification,123,500,test,F1,0.842461,fingerprint_mlp_classification_seed-123_size-500.txt
fingerprint,mlp,classification,123,500,test,ROC_AUC,0.916442,fingerprint_mlp_classification_seed-123_size-500.txt
fingerprint,mlp,classification,2137,10,validation,Accuracy,0.575299,fingerprint_mlp_classification_seed-2137_size-10.txt
fingerprint,mlp,classification,2137,10,validation,Precision,0.573034,fingerprint_mlp_classification_seed-2137_size-10.txt
fingerprint,mlp,classification,2137,10,validation,Recall,0.769231,fingerprint_mlp_classification_seed-2137_size-10.txt
fingerprint,mlp,classification,2137,10,validation,F1,0.656793,fingerprint_mlp_classification_seed-2137_size-10.txt
fingerprint,mlp,classification,2137,10,validation,ROC_AUC,0.653157,fingerprint_mlp_classification_seed-2137_size-10.txt
fingerprint,mlp,classification,2137,10,test,Accuracy,0.5,fingerprint_mlp_classification_seed-2137_size-10.txt
fingerprint,mlp,classification,2137,10,test,Precision,0.456432,fingerprint_mlp_classification_seed-2137_size-10.txt
fingerprint,mlp,classification,2137,10,test,Recall,0.717391,fingerprint_mlp_classification_seed-2137_size-10.txt
fingerprint,mlp,classification,2137,10,test,F1,0.557904,fingerprint_mlp_classification_seed-2137_size-10.txt
fingerprint,mlp,classification,2137,10,test,ROC_AUC,0.598102,fingerprint_mlp_classification_seed-2137_size-10.txt
fingerprint,mlp,classification,2137,100,validation,Accuracy,0.722709,fingerprint_mlp_classification_seed-2137_size-100.txt
fingerprint,mlp,classification,2137,100,validation,Precision,0.748815,fingerprint_mlp_classification_seed-2137_size-100.txt
fingerprint,mlp,classification,2137,100,validation,Recall,0.714932,fingerprint_mlp_classification_seed-2137_size-100.txt
fingerprint,mlp,classification,2137,100,validation,F1,0.731481,fingerprint_mlp_classification_seed-2137_size-100.txt
fingerprint,mlp,classification,2137,100,validation,ROC_AUC,0.803564,fingerprint_mlp_classification_seed-2137_size-100.txt
fingerprint,mlp,classification,2137,100,test,Accuracy,0.740918,fingerprint_mlp_classification_seed-2137_size-100.txt
fingerprint,mlp,classification,2137,100,test,Precision,0.672131,fingerprint_mlp_classification_seed-2137_size-100.txt
fingerprint,mlp,classification,2137,100,test,Recall,0.802174,fingerprint_mlp_classification_seed-2137_size-100.txt
fingerprint,mlp,classification,2137,100,test,F1,0.731417,fingerprint_mlp_classification_seed-2137_size-100.txt
fingerprint,mlp,classification,2137,100,test,ROC_AUC,0.858338,fingerprint_mlp_classification_seed-2137_size-100.txt
fingerprint,mlp,classification,2137,20,validation,Accuracy,0.683665,fingerprint_mlp_classification_seed-2137_size-20.txt
fingerprint,mlp,classification,2137,20,validation,Precision,0.740072,fingerprint_mlp_classification_seed-2137_size-20.txt
fingerprint,mlp,classification,2137,20,validation,Recall,0.618401,fingerprint_mlp_classification_seed-2137_size-20.txt
fingerprint,mlp,classification,2137,20,validation,F1,0.673788,fingerprint_mlp_classification_seed-2137_size-20.txt
fingerprint,mlp,classification,2137,20,validation,ROC_AUC,0.760633,fingerprint_mlp_classification_seed-2137_size-20.txt
fingerprint,mlp,classification,2137,20,test,Accuracy,0.669216,fingerprint_mlp_classification_seed-2137_size-20.txt
fingerprint,mlp,classification,2137,20,test,Precision,0.602151,fingerprint_mlp_classification_seed-2137_size-20.txt
fingerprint,mlp,classification,2137,20,test,Recall,0.730435,fingerprint_mlp_classification_seed-2137_size-20.txt
fingerprint,mlp,classification,2137,20,test,F1,0.660118,fingerprint_mlp_classification_seed-2137_size-20.txt
fingerprint,mlp,classification,2137,20,test,ROC_AUC,0.780815,fingerprint_mlp_classification_seed-2137_size-20.txt
fingerprint,mlp,classification,2137,50,validation,Accuracy,0.660558,fingerprint_mlp_classification_seed-2137_size-50.txt
fingerprint,mlp,classification,2137,50,validation,Precision,0.670504,fingerprint_mlp_classification_seed-2137_size-50.txt
fingerprint,mlp,classification,2137,50,validation,Recall,0.702866,fingerprint_mlp_classification_seed-2137_size-50.txt
fingerprint,mlp,classification,2137,50,validation,F1,0.686303,fingerprint_mlp_classification_seed-2137_size-50.txt
fingerprint,mlp,classification,2137,50,validation,ROC_AUC,0.74073,fingerprint_mlp_classification_seed-2137_size-50.txt
fingerprint,mlp,classification,2137,50,test,Accuracy,0.699809,fingerprint_mlp_classification_seed-2137_size-50.txt
fingerprint,mlp,classification,2137,50,test,Precision,0.637736,fingerprint_mlp_classification_seed-2137_size-50.txt
fingerprint,mlp,classification,2137,50,test,Recall,0.734783,fingerprint_mlp_classification_seed-2137_size-50.txt
fingerprint,mlp,classification,2137,50,test,F1,0.682828,fingerprint_mlp_classification_seed-2137_size-50.txt
fingerprint,mlp,classification,2137,50,test,ROC_AUC,0.771908,fingerprint_mlp_classification_seed-2137_size-50.txt
fingerprint,mlp,classification,2137,500,validation,Accuracy,0.786454,fingerprint_mlp_classification_seed-2137_size-500.txt
fingerprint,mlp,classification,2137,500,validation,Precision,0.821138,fingerprint_mlp_classification_seed-2137_size-500.txt
fingerprint,mlp,classification,2137,500,validation,Recall,0.761689,fingerprint_mlp_classification_seed-2137_size-500.txt
fingerprint,mlp,classification,2137,500,validation,F1,0.790297,fingerprint_mlp_classification_seed-2137_size-500.txt
fingerprint,mlp,classification,2137,500,validation,ROC_AUC,0.846395,fingerprint_mlp_classification_seed-2137_size-500.txt
fingerprint,mlp,classification,2137,500,test,Accuracy,0.83652,fingerprint_mlp_classification_seed-2137_size-500.txt
fingerprint,mlp,classification,2137,500,test,Precision,0.818985,fingerprint_mlp_classification_seed-2137_size-500.txt
fingerprint,mlp,classification,2137,500,test,Recall,0.806522,fingerprint_mlp_classification_seed-2137_size-500.txt
fingerprint,mlp,classification,2137,500,test,F1,0.812705,fingerprint_mlp_classification_seed-2137_size-500.txt
fingerprint,mlp,classification,2137,500,test,ROC_AUC,0.901541,fingerprint_mlp_classification_seed-2137_size-500.txt
fingerprint,mlp,classification,42,10,validation,Accuracy,0.732264,fingerprint_mlp_classification_seed-42_size-10.txt
fingerprint,mlp,classification,42,10,validation,Precision,0.818996,fingerprint_mlp_classification_seed-42_size-10.txt
fingerprint,mlp,classification,42,10,validation,Recall,0.679049,fingerprint_mlp_classification_seed-42_size-10.txt
fingerprint,mlp,classification,42,10,validation,F1,0.742486,fingerprint_mlp_classification_seed-42_size-10.txt
fingerprint,mlp,classification,42,10,validation,ROC_AUC,0.786396,fingerprint_mlp_classification_seed-42_size-10.txt
fingerprint,mlp,classification,42,10,test,Accuracy,0.649485,fingerprint_mlp_classification_seed-42_size-10.txt
fingerprint,mlp,classification,42,10,test,Precision,0.752273,fingerprint_mlp_classification_seed-42_size-10.txt
fingerprint,mlp,classification,42,10,test,Recall,0.555369,fingerprint_mlp_classification_seed-42_size-10.txt
fingerprint,mlp,classification,42,10,test,F1,0.638996,fingerprint_mlp_classification_seed-42_size-10.txt
fingerprint,mlp,classification,42,10,test,ROC_AUC,0.706372,fingerprint_mlp_classification_seed-42_size-10.txt
fingerprint,mlp,classification,42,100,validation,Accuracy,0.786318,fingerprint_mlp_classification_seed-42_size-100.txt
fingerprint,mlp,classification,42,100,validation,Precision,0.824074,fingerprint_mlp_classification_seed-42_size-100.txt
fingerprint,mlp,classification,42,100,validation,Recall,0.793462,fingerprint_mlp_classification_seed-42_size-100.txt
fingerprint,mlp,classification,42,100,validation,F1,0.808478,fingerprint_mlp_classification_seed-42_size-100.txt
fingerprint,mlp,classification,42,100,validation,ROC_AUC,0.871377,fingerprint_mlp_classification_seed-42_size-100.txt
fingerprint,mlp,classification,42,100,test,Accuracy,0.784442,fingerprint_mlp_classification_seed-42_size-100.txt
fingerprint,mlp,classification,42,100,test,Precision,0.832727,fingerprint_mlp_classification_seed-42_size-100.txt
fingerprint,mlp,classification,42,100,test,Recall,0.768456,fingerprint_mlp_classification_seed-42_size-100.txt
fingerprint,mlp,classification,42,100,test,F1,0.799302,fingerprint_mlp_classification_seed-42_size-100.txt
fingerprint,mlp,classification,42,100,test,ROC_AUC,0.873007,fingerprint_mlp_classification_seed-42_size-100.txt
fingerprint,mlp,classification,42,20,validation,Accuracy,0.651182,fingerprint_mlp_classification_seed-42_size-20.txt
fingerprint,mlp,classification,42,20,validation,Precision,0.648402,fingerprint_mlp_classification_seed-42_size-20.txt
fingerprint,mlp,classification,42,20,validation,Recall,0.843982,fingerprint_mlp_classification_seed-42_size-20.txt
fingerprint,mlp,classification,42,20,validation,F1,0.733376,fingerprint_mlp_classification_seed-42_size-20.txt
fingerprint,mlp,classification,42,20,validation,ROC_AUC,0.791842,fingerprint_mlp_classification_seed-42_size-20.txt
fingerprint,mlp,classification,42,20,test,Accuracy,0.613871,fingerprint_mlp_classification_seed-42_size-20.txt
fingerprint,mlp,classification,42,20,test,Precision,0.621693,fingerprint_mlp_classification_seed-42_size-20.txt
fingerprint,mlp,classification,42,20,test,Recall,0.788591,fingerprint_mlp_classification_seed-42_size-20.txt
fingerprint,mlp,classification,42,20,test,F1,0.695266,fingerprint_mlp_classification_seed-42_size-20.txt
fingerprint,mlp,classification,42,20,test,ROC_AUC,0.728683,fingerprint_mlp_classification_seed-42_size-20.txt
fingerprint,mlp,classification,42,50,validation,Accuracy,0.70777,fingerprint_mlp_classification_seed-42_size-50.txt
fingerprint,mlp,classification,42,50,validation,Precision,0.764992,fingerprint_mlp_classification_seed-42_size-50.txt
fingerprint,mlp,classification,42,50,validation,Recall,0.701337,fingerprint_mlp_classification_seed-42_size-50.txt
fingerprint,mlp,classification,42,50,validation,F1,0.731783,fingerprint_mlp_classification_seed-42_size-50.txt
fingerprint,mlp,classification,42,50,validation,ROC_AUC,0.79635,fingerprint_mlp_classification_seed-42_size-50.txt
fingerprint,mlp,classification,42,50,test,Accuracy,0.686036,fingerprint_mlp_classification_seed-42_size-50.txt
fingerprint,mlp,classification,42,50,test,Precision,0.747628,fingerprint_mlp_classification_seed-42_size-50.txt
fingerprint,mlp,classification,42,50,test,Recall,0.661074,fingerprint_mlp_classification_seed-42_size-50.txt
fingerprint,mlp,classification,42,50,test,F1,0.701692,fingerprint_mlp_classification_seed-42_size-50.txt
fingerprint,mlp,classification,42,50,test,ROC_AUC,0.774117,fingerprint_mlp_classification_seed-42_size-50.txt
fingerprint,mlp,classification,42,500,validation,Accuracy,0.820946,fingerprint_mlp_classification_seed-42_size-500.txt
fingerprint,mlp,classification,42,500,validation,Precision,0.869984,fingerprint_mlp_classification_seed-42_size-500.txt
fingerprint,mlp,classification,42,500,validation,Recall,0.805349,fingerprint_mlp_classification_seed-42_size-500.txt
fingerprint,mlp,classification,42,500,validation,F1,0.83642,fingerprint_mlp_classification_seed-42_size-500.txt
fingerprint,mlp,classification,42,500,validation,ROC_AUC,0.89315,fingerprint_mlp_classification_seed-42_size-500.txt
fingerprint,mlp,classification,42,500,test,Accuracy,0.818182,fingerprint_mlp_classification_seed-42_size-500.txt
fingerprint,mlp,classification,42,500,test,Precision,0.857651,fingerprint_mlp_classification_seed-42_size-500.txt
fingerprint,mlp,classification,42,500,test,Recall,0.808725,fingerprint_mlp_classification_seed-42_size-500.txt
fingerprint,mlp,classification,42,500,test,F1,0.83247,fingerprint_mlp_classification_seed-42_size-500.txt
fingerprint,mlp,classification,42,500,test,ROC_AUC,0.88903,fingerprint_mlp_classification_seed-42_size-500.txt
fingerprint,mlp,regression,123,10,validation,R2,-2.341306,fingerprint_mlp_regression_seed-123_size-10.txt
fingerprint,mlp,regression,123,10,validation,RMSE,2.247405,fingerprint_mlp_regression_seed-123_size-10.txt
fingerprint,mlp,regression,123,10,validation,MAE,1.829901,fingerprint_mlp_regression_seed-123_size-10.txt
fingerprint,mlp,regression,123,10,test,R2,-2.469967,fingerprint_mlp_regression_seed-123_size-10.txt
fingerprint,mlp,regression,123,10,test,RMSE,2.272101,fingerprint_mlp_regression_seed-123_size-10.txt
fingerprint,mlp,regression,123,10,test,MAE,1.864245,fingerprint_mlp_regression_seed-123_size-10.txt
fingerprint,mlp,regression,123,100,validation,R2,0.05146,fingerprint_mlp_regression_seed-123_size-100.txt
fingerprint,mlp,regression,123,100,validation,RMSE,1.197433,fingerprint_mlp_regression_seed-123_size-100.txt
fingerprint,mlp,regression,123,100,validation,MAE,0.966649,fingerprint_mlp_regression_seed-123_size-100.txt
fingerprint,mlp,regression,123,100,test,R2,-0.043179,fingerprint_mlp_regression_seed-123_size-100.txt
fingerprint,mlp,regression,123,100,test,RMSE,1.245789,fingerprint_mlp_regression_seed-123_size-100.txt
fingerprint,mlp,regression,123,100,test,MAE,0.997944,fingerprint_mlp_regression_seed-123_size-100.txt
fingerprint,mlp,regression,123,20,validation,R2,-0.265701,fingerprint_mlp_regression_seed-123_size-20.txt
fingerprint,mlp,regression,123,20,validation,RMSE,1.383212,fingerprint_mlp_regression_seed-123_size-20.txt
fingerprint,mlp,regression,123,20,validation,MAE,1.090413,fingerprint_mlp_regression_seed-123_size-20.txt
fingerprint,mlp,regression,123,20,test,R2,-0.335731,fingerprint_mlp_regression_seed-123_size-20.txt
fingerprint,mlp,regression,123,20,test,RMSE,1.409693,fingerprint_mlp_regression_seed-123_size-20.txt
fingerprint,mlp,regression,123,20,test,MAE,1.122491,fingerprint_mlp_regression_seed-123_size-20.txt
fingerprint,mlp,regression,123,50,validation,R2,-0.147779,fingerprint_mlp_regression_seed-123_size-50.txt
fingerprint,mlp,regression,123,50,validation,RMSE,1.317202,fingerprint_mlp_regression_seed-123_size-50.txt
fingerprint,mlp,regression,123,50,validation,MAE,1.038134,fingerprint_mlp_regression_seed-123_size-50.txt
fingerprint,mlp,regression,123,50,test,R2,-0.081357,fingerprint_mlp_regression_seed-123_size-50.txt
fingerprint,mlp,regression,123,50,test,RMSE,1.268381,fingerprint_mlp_regression_seed-123_size-50.txt
fingerprint,mlp,regression,123,50,test,MAE,0.995803,fingerprint_mlp_regression_seed-123_size-50.txt
fingerprint,mlp,regression,123,500,validation,R2,0.217816,fingerprint_mlp_regression_seed-123_size-500.txt
fingerprint,mlp,regression,123,500,validation,RMSE,1.087371,fingerprint_mlp_regression_seed-123_size-500.txt
fingerprint,mlp,regression,123,500,validation,MAE,0.814975,fingerprint_mlp_regression_seed-123_size-500.txt
fingerprint,mlp,regression,123,500,test,R2,0.326117,fingerprint_mlp_regression_seed-123_size-500.txt
fingerprint,mlp,regression,123,500,test,RMSE,1.001284,fingerprint_mlp_regression_seed-123_size-500.txt
fingerprint,mlp,regression,123,500,test,MAE,0.762181,fingerprint_mlp_regression_seed-123_size-500.txt
fingerprint,mlp,regression,2137,10,validation,R2,-2.162026,fingerprint_mlp_regression_seed-2137_size-10.txt
fingerprint,mlp,regression,2137,10,validation,RMSE,2.111104,fingerprint_mlp_regression_seed-2137_size-10.txt
fingerprint,mlp,regression,2137,10,validation,MAE,1.748131,fingerprint_mlp_regression_seed-2137_size-10.txt
fingerprint,mlp,regression,2137,10,test,R2,-1.722555,fingerprint_mlp_regression_seed-2137_size-10.txt
fingerprint,mlp,regression,2137,10,test,RMSE,1.991646,fingerprint_mlp_regression_seed-2137_size-10.txt
fingerprint,mlp,regression,2137,10,test,MAE,1.665889,fingerprint_mlp_regression_seed-2137_size-10.txt
fingerprint,mlp,regression,2137,100,validation,R2,-0.019231,fingerprint_mlp_regression_seed-2137_size-100.txt
fingerprint,mlp,regression,2137,100,validation,RMSE,1.19857,fingerprint_mlp_regression_seed-2137_size-100.txt
fingerprint,mlp,regression,2137,100,validation,MAE,0.942826,fingerprint_mlp_regression_seed-2137_size-100.txt
fingerprint,mlp,regression,2137,100,test,R2,0.008535,fingerprint_mlp_regression_seed-2137_size-100.txt
fingerprint,mlp,regression,2137,100,test,RMSE,1.201884,fingerprint_mlp_regression_seed-2137_size-100.txt
fingerprint,mlp,regression,2137,100,test,MAE,0.942837,fingerprint_mlp_regression_seed-2137_size-100.txt
fingerprint,mlp,regression,2137,20,validation,R2,-0.861121,fingerprint_mlp_regression_seed-2137_size-20.txt
fingerprint,mlp,regression,2137,20,validation,RMSE,1.619625,fingerprint_mlp_regression_seed-2137_size-20.txt
fingerprint,mlp,regression,2137,20,validation,MAE,1.321102,fingerprint_mlp_regression_seed-2137_size-20.txt
fingerprint,mlp,regression,2137,20,test,R2,-0.650331,fingerprint_mlp_regression_seed-2137_size-20.txt
fingerprint,mlp,regression,2137,20,test,RMSE,1.550634,fingerprint_mlp_regression_seed-2137_size-20.txt
fingerprint,mlp,regression,2137,20,test,MAE,1.25726,fingerprint_mlp_regression_seed-2137_size-20.txt
fingerprint,mlp,regression,2137,50,validation,R2,-0.042851,fingerprint_mlp_regression_seed-2137_size-50.txt
fingerprint,mlp,regression,2137,50,validation,RMSE,1.212378,fingerprint_mlp_regression_seed-2137_size-50.txt
fingerprint,mlp,regression,2137,50,validation,MAE,0.950921,fingerprint_mlp_regression_seed-2137_size-50.txt
fingerprint,mlp,regression,2137,50,test,R2,-0.179207,fingerprint_mlp_regression_seed-2137_size-50.txt
fingerprint,mlp,regression,2137,50,test,RMSE,1.310747,fingerprint_mlp_regression_seed-2137_size-50.txt
fingerprint,mlp,regression,2137,50,test,MAE,1.021227,fingerprint_mlp_regression_seed-2137_size-50.txt
fingerprint,mlp,regression,2137,500,validation,R2,0.302985,fingerprint_mlp_regression_seed-2137_size-500.txt
fingerprint,mlp,regression,2137,500,validation,RMSE,0.99117,fingerprint_mlp_regression_seed-2137_size-500.txt
fingerprint,mlp,regression,2137,500,validation,MAE,0.772552,fingerprint_mlp_regression_seed-2137_size-500.txt
fingerprint,mlp,regression,2137,500,test,R2,0.273213,fingerprint_mlp_regression_seed-2137_size-500.txt
fingerprint,mlp,regression,2137,500,test,RMSE,1.029028,fingerprint_mlp_regression_seed-2137_size-500.txt
fingerprint,mlp,regression,2137,500,test,MAE,0.810605,fingerprint_mlp_regression_seed-2137_size-500.txt
fingerprint,mlp,regression,42,10,validation,R2,-2.723473,fingerprint_mlp_regression_seed-42_size-10.txt
fingerprint,mlp,regression,42,10,validation,RMSE,2.37047,fingerprint_mlp_regression_seed-42_size-10.txt
fingerprint,mlp,regression,42,10,validation,MAE,2.076953,fingerprint_mlp_regression_seed-42_size-10.txt
fingerprint,mlp,regression,42,10,test,R2,-2.365221,fingerprint_mlp_regression_seed-42_size-10.txt
fingerprint,mlp,regression,42,10,test,RMSE,2.253945,fingerprint_mlp_regression_seed-42_size-10.txt
fingerprint,mlp,regression,42,10,test,MAE,1.956831,fingerprint_mlp_regression_seed-42_size-10.txt
fingerprint,mlp,regression,42,100,validation,R2,-0.157484,fingerprint_mlp_regression_seed-42_size-100.txt
fingerprint,mlp,regression,42,100,validation,RMSE,1.321655,fingerprint_mlp_regression_seed-42_size-100.txt
fingerprint,mlp,regression,42,100,validation,MAE,1.051928,fingerprint_mlp_regression_seed-42_size-100.txt
fingerprint,mlp,regression,42,100,test,R2,-0.063241,fingerprint_mlp_regression_seed-42_size-100.txt
fingerprint,mlp,regression,42,100,test,RMSE,1.266929,fingerprint_mlp_regression_seed-42_size-100.txt
fingerprint,mlp,regression,42,100,test,MAE,1.000708,fingerprint_mlp_regression_seed-42_size-100.txt
fingerprint,mlp,regression,42,20,validation,R2,-0.65755,fingerprint_mlp_regression_seed-42_size-20.txt
fingerprint,mlp,regression,42,20,validation,RMSE,1.581589,fingerprint_mlp_regression_seed-42_size-20.txt
fingerprint,mlp,regression,42,20,validation,MAE,1.254495,fingerprint_mlp_regression_seed-42_size-20.txt
fingerprint,mlp,regression,42,20,test,R2,-0.597675,fingerprint_mlp_regression_seed-42_size-20.txt
fingerprint,mlp,regression,42,20,test,RMSE,1.553033,fingerprint_mlp_regression_seed-42_size-20.txt
fingerprint,mlp,regression,42,20,test,MAE,1.234634,fingerprint_mlp_regression_seed-42_size-20.txt
fingerprint,mlp,regression,42,50,validation,R2,-0.074361,fingerprint_mlp_regression_seed-42_size-50.txt
fingerprint,mlp,regression,42,50,validation,RMSE,1.273314,fingerprint_mlp_regression_seed-42_size-50.txt
fingerprint,mlp,regression,42,50,validation,MAE,1.005202,fingerprint_mlp_regression_seed-42_size-50.txt
fingerprint,mlp,regression,42,50,test,R2,-0.172567,fingerprint_mlp_regression_seed-42_size-50.txt
fingerprint,mlp,regression,42,50,test,RMSE,1.330471,fingerprint_mlp_regression_seed-42_size-50.txt
fingerprint,mlp,regression,42,50,test,MAE,1.079377,fingerprint_mlp_regression_seed-42_size-50.txt
fingerprint,mlp,regression,42,500,validation,R2,0.268653,fingerprint_mlp_regression_seed-42_size-500.txt
fingerprint,mlp,regression,42,500,validation,RMSE,1.050563,fingerprint_mlp_regression_seed-42_size-500.txt
fingerprint,mlp,regression,42,500,validation,MAE,0.798534,fingerprint_mlp_regression_seed-42_size-500.txt
fingerprint,mlp,regression,42,500,test,R2,0.301574,fingerprint_mlp_regression_seed-42_size-500.txt
fingerprint,mlp,regression,42,500,test,RMSE,1.026826,fingerprint_mlp_regression_seed-42_size-500.txt
fingerprint,mlp,regression,42,500,test,MAE,0.800678,fingerprint_mlp_regression_seed-42_size-500.txt
fingerprint,randomforest,classification,123,10,validation,Accuracy,0.679758,fingerprint_randomforest_classification_seed-123_size-10.txt
fingerprint,randomforest,classification,123,10,validation,Precision,0.756654,fingerprint_randomforest_classification_seed-123_size-10.txt
fingerprint,randomforest,classification,123,10,validation,Recall,0.573487,fingerprint_randomforest_classification_seed-123_size-10.txt
fingerprint,randomforest,classification,123,10,validation,F1,0.652459,fingerprint_randomforest_classification_seed-123_size-10.txt
fingerprint,randomforest,classification,123,10,validation,ROC_AUC,0.750264,fingerprint_randomforest_classification_seed-123_size-10.txt
fingerprint,randomforest,classification,123,10,test,Accuracy,0.694323,fingerprint_randomforest_classification_seed-123_size-10.txt
fingerprint,randomforest,classification,123,10,test,Precision,0.75,fingerprint_randomforest_classification_seed-123_size-10.txt
fingerprint,randomforest,classification,123,10,test,Recall,0.641689,fingerprint_randomforest_classification_seed-123_size-10.txt
fingerprint,randomforest,classification,123,10,test,F1,0.69163,fingerprint_randomforest_classification_seed-123_size-10.txt
fingerprint,randomforest,classification,123,10,test,ROC_AUC,0.77868,fingerprint_randomforest_classification_seed-123_size-10.txt
fingerprint,randomforest,classification,123,100,validation,Accuracy,0.794562,fingerprint_randomforest_classification_seed-123_size-100.txt
fingerprint,randomforest,classification,123,100,validation,Precision,0.841424,fingerprint_randomforest_classification_seed-123_size-100.txt
fingerprint,randomforest,classification,123,100,validation,Recall,0.74928,fingerprint_randomforest_classification_seed-123_size-100.txt
fingerprint,randomforest,classification,123,100,validation,F1,0.792683,fingerprint_randomforest_classification_seed-123_size-100.txt
fingerprint,randomforest,classification,123,100,validation,ROC_AUC,0.858631,fingerprint_randomforest_classification_seed-123_size-100.txt
fingerprint,randomforest,classification,123,100,test,Accuracy,0.785298,fingerprint_randomforest_classification_seed-123_size-100.txt
fingerprint,randomforest,classification,123,100,test,Precision,0.83308,fingerprint_randomforest_classification_seed-123_size-100.txt
fingerprint,randomforest,classification,123,100,test,Recall,0.747956,fingerprint_randomforest_classification_seed-123_size-100.txt
fingerprint,randomforest,classification,123,100,test,F1,0.788227,fingerprint_randomforest_classification_seed-123_size-100.txt
fingerprint,randomforest,classification,123,100,test,ROC_AUC,0.860563,fingerprint_randomforest_classification_seed-123_size-100.txt
fingerprint,randomforest,classification,123,20,validation,Accuracy,0.706193,fingerprint_randomforest_classification_seed-123_size-20.txt
fingerprint,randomforest,classification,123,20,validation,Precision,0.67712,fingerprint_randomforest_classification_seed-123_size-20.txt
fingerprint,randomforest,classification,123,20,validation,Recall,0.840058,fingerprint_randomforest_classification_seed-123_size-20.txt
fingerprint,randomforest,classification,123,20,validation,F1,0.749839,fingerprint_randomforest_classification_seed-123_size-20.txt
fingerprint,randomforest,classification,123,20,validation,ROC_AUC,0.806693,fingerprint_randomforest_classification_seed-123_size-20.txt
fingerprint,randomforest,classification,123,20,test,Accuracy,0.669578,fingerprint_randomforest_classification_seed-123_size-20.txt
fingerprint,randomforest,classification,123,20,test,Precision,0.641414,fingerprint_randomforest_classification_seed-123_size-20.txt
fingerprint,randomforest,classification,123,20,test,Recall,0.865123,fingerprint_randomforest_classification_seed-123_size-20.txt
fingerprint,randomforest,classification,123,20,test,F1,0.736659,fingerprint_randomforest_classification_seed-123_size-20.txt
fingerprint,randomforest,classification,123,20,test,ROC_AUC,0.817139,fingerprint_randomforest_classification_seed-123_size-20.txt
fingerprint,randomforest,classification,123,50,validation,Accuracy,0.733384,fingerprint_randomforest_classification_seed-123_size-50.txt
fingerprint,randomforest,classification,123,50,validation,Precision,0.756391,fingerprint_randomforest_classification_seed-123_size-50.txt
fingerprint,randomforest,classification,123,50,validation,Recall,0.724784,fingerprint_randomforest_classification_seed-123_size-50.txt
fingerprint,randomforest,classification,123,50,validation,F1,0.74025,fingerprint_randomforest_classification_seed-123_size-50.txt
fingerprint,randomforest,classification,123,50,validation,ROC_AUC,0.807847,fingerprint_randomforest_classification_seed-123_size-50.txt
fingerprint,randomforest,classification,123,50,test,Accuracy,0.708151,fingerprint_randomforest_classification_seed-123_size-50.txt
fingerprint,randomforest,classification,123,50,test,Precision,0.743777,fingerprint_randomforest_classification_seed-123_size-50.txt
fingerprint,randomforest,classification,123,50,test,Recall,0.692098,fingerprint_randomforest_classification_seed-123_size-50.txt
fingerprint,randomforest,classification,123,50,test,F1,0.717008,fingerprint_randomforest_classification_seed-123_size-50.txt
fingerprint,randomforest,classification,123,50,test,ROC_AUC,0.795285,fingerprint_randomforest_classification_seed-123_size-50.txt
fingerprint,randomforest,classification,123,500,validation,Accuracy,0.826284,fingerprint_randomforest_classification_seed-123_size-500.txt
fingerprint,randomforest,classification,123,500,validation,Precision,0.87785,fingerprint_randomforest_classification_seed-123_size-500.txt
fingerprint,randomforest,classification,123,500,validation,Recall,0.776657,fingerprint_randomforest_classification_seed-123_size-500.txt
fingerprint,randomforest,classification,123,500,validation,F1,0.824159,fingerprint_randomforest_classification_seed-123_size-500.txt
fingerprint,randomforest,classification,123,500,validation,ROC_AUC,0.900897,fingerprint_randomforest_classification_seed-123_size-500.txt
fingerprint,randomforest,classification,123,500,test,Accuracy,0.851528,fingerprint_randomforest_classification_seed-123_size-500.txt
fingerprint,randomforest,classification,123,500,test,Precision,0.892012,fingerprint_randomforest_classification_seed-123_size-500.txt
fingerprint,randomforest,classification,123,500,test,Recall,0.821526,fingerprint_randomforest_classification_seed-123_size-500.txt
fingerprint,randomforest,classification,123,500,test,F1,0.855319,fingerprint_randomforest_classification_seed-123_size-500.txt
fingerprint,randomforest,classification,123,500,test,ROC_AUC,0.927631,fingerprint_randomforest_classification_seed-123_size-500.txt
fingerprint,randomforest,classification,2137,10,validation,Accuracy,0.531474,fingerprint_randomforest_classification_seed-2137_size-10.txt
fingerprint,randomforest,classification,2137,10,validation,Precision,0.530713,fingerprint_randomforest_classification_seed-2137_size-10.txt
fingerprint,randomforest,classification,2137,10,validation,Recall,0.977376,fingerprint_randomforest_classification_seed-2137_size-10.txt
fingerprint,randomforest,classification,2137,10,validation,F1,0.687898,fingerprint_randomforest_classification_seed-2137_size-10.txt
fingerprint,randomforest,classification,2137,10,validation,ROC_AUC,0.646223,fingerprint_randomforest_classification_seed-2137_size-10.txt
fingerprint,randomforest,classification,2137,10,test,Accuracy,0.428298,fingerprint_randomforest_classification_seed-2137_size-10.txt
fingerprint,randomforest,classification,2137,10,test,Precision,0.431548,fingerprint_randomforest_classification_seed-2137_size-10.txt
fingerprint,randomforest,classification,2137,10,test,Recall,0.945652,fingerprint_randomforest_classification_seed-2137_size-10.txt
fingerprint,randomforest,classification,2137,10,test,F1,0.592643,fingerprint_randomforest_classification_seed-2137_size-10.txt
fingerprint,randomforest,classification,2137,10,test,ROC_AUC,0.58592,fingerprint_randomforest_classification_seed-2137_size-10.txt
fingerprint,randomforest,classification,2137,100,validation,Accuracy,0.732271,fingerprint_randomforest_classification_seed-2137_size-100.txt
fingerprint,randomforest,classification,2137,100,validation,Precision,0.765854,fingerprint_randomforest_classification_seed-2137_size-100.txt
fingerprint,randomforest,classification,2137,100,validation,Recall,0.710407,fingerprint_randomforest_classification_seed-2137_size-100.txt
fingerprint,randomforest,classification,2137,100,validation,F1,0.737089,fingerprint_randomforest_classification_seed-2137_size-100.txt
fingerprint,randomforest,classification,2137,100,validation,ROC_AUC,0.813387,fingerprint_randomforest_classification_seed-2137_size-100.txt
fingerprint,randomforest,classification,2137,100,test,Accuracy,0.758126,fingerprint_randomforest_classification_seed-2137_size-100.txt
fingerprint,randomforest,classification,2137,100,test,Precision,0.694184,fingerprint_randomforest_classification_seed-2137_size-100.txt
fingerprint,randomforest,classification,2137,100,test,Recall,0.804348,fingerprint_randomforest_classification_seed-2137_size-100.txt
fingerprint,randomforest,classification,2137,100,test,F1,0.745217,fingerprint_randomforest_classification_seed-2137_size-100.txt
fingerprint,randomforest,classification,2137,100,test,ROC_AUC,0.873627,fingerprint_randomforest_classification_seed-2137_size-100.txt
fingerprint,randomforest,classification,2137,20,validation,Accuracy,0.713147,fingerprint_randomforest_classification_seed-2137_size-20.txt
fingerprint,randomforest,classification,2137,20,validation,Precision,0.891473,fingerprint_randomforest_classification_seed-2137_size-20.txt
fingerprint,randomforest,classification,2137,20,validation,Recall,0.520362,fingerprint_randomforest_classification_seed-2137_size-20.txt
fingerprint,randomforest,classification,2137,20,validation,F1,0.657143,fingerprint_randomforest_classification_seed-2137_size-20.txt
fingerprint,randomforest,classification,2137,20,validation,ROC_AUC,0.76268,fingerprint_randomforest_classification_seed-2137_size-20.txt
fingerprint,randomforest,classification,2137,20,test,Accuracy,0.765774,fingerprint_randomforest_classification_seed-2137_size-20.txt
fingerprint,randomforest,classification,2137,20,test,Precision,0.836991,fingerprint_randomforest_classification_seed-2137_size-20.txt
fingerprint,randomforest,classification,2137,20,test,Recall,0.580435,fingerprint_randomforest_classification_seed-2137_size-20.txt
fingerprint,randomforest,classification,2137,20,test,F1,0.685494,fingerprint_randomforest_classification_seed-2137_size-20.txt
fingerprint,randomforest,classification,2137,20,test,ROC_AUC,0.802135,fingerprint_randomforest_classification_seed-2137_size-20.txt
fingerprint,randomforest,classification,2137,50,validation,Accuracy,0.6749,fingerprint_randomforest_classification_seed-2137_size-50.txt
fingerprint,randomforest,classification,2137,50,validation,Precision,0.730561,fingerprint_randomforest_classification_seed-2137_size-50.txt
fingerprint,randomforest,classification,2137,50,validation,Recall,0.609351,fingerprint_randomforest_classification_seed-2137_size-50.txt
fingerprint,randomforest,classification,2137,50,validation,F1,0.664474,fingerprint_randomforest_classification_seed-2137_size-50.txt
fingerprint,randomforest,classification,2137,50,validation,ROC_AUC,0.746225,fingerprint_randomforest_classification_seed-2137_size-50.txt
fingerprint,randomforest,classification,2137,50,test,Accuracy,0.726577,fingerprint_randomforest_classification_seed-2137_size-50.txt
fingerprint,randomforest,classification,2137,50,test,Precision,0.688312,fingerprint_randomforest_classification_seed-2137_size-50.txt
fingerprint,randomforest,classification,2137,50,test,Recall,0.691304,fingerprint_randomforest_classification_seed-2137_size-50.txt
fingerprint,randomforest,classification,2137,50,test,F1,0.689805,fingerprint_randomforest_classification_seed-2137_size-50.txt
fingerprint,randomforest,classification,2137,50,test,ROC_AUC,0.806696,fingerprint_randomforest_classification_seed-2137_size-50.txt
fingerprint,randomforest,classification,2137,500,validation,Accuracy,0.785657,fingerprint_randomforest_classification_seed-2137_size-500.txt
fingerprint,randomforest,classification,2137,500,validation,Precision,0.844406,fingerprint_randomforest_classification_seed-2137_size-500.txt
fingerprint,randomforest,classification,2137,500,validation,Recall,0.728507,fingerprint_randomforest_classification_seed-2137_size-500.txt
fingerprint,randomforest,classification,2137,500,validation,F1,0.782186,fingerprint_randomforest_classification_seed-2137_size-500.txt
fingerprint,randomforest,classification,2137,500,validation,ROC_AUC,0.853102,fingerprint_randomforest_classification_seed-2137_size-500.txt
fingerprint,randomforest,classification,2137,500,test,Accuracy,0.840344,fingerprint_randomforest_classification_seed-2137_size-500.txt
fingerprint,randomforest,classification,2137,500,test,Precision,0.8322,fingerprint_randomforest_classification_seed-2137_size-500.txt
fingerprint,randomforest,classification,2137,500,test,Recall,0.797826,fingerprint_randomforest_classification_seed-2137_size-500.txt
fingerprint,randomforest,classification,2137,500,test,F1,0.81465,fingerprint_randomforest_classification_seed-2137_size-500.txt
fingerprint,randomforest,classification,2137,500,test,ROC_AUC,0.917747,fingerprint_randomforest_classification_seed-2137_size-500.txt
fingerprint,randomforest,classification,42,10,validation,Accuracy,0.691723,fingerprint_randomforest_classification_seed-42_size-10.txt
fingerprint,randomforest,classification,42,10,validation,Precision,0.840708,fingerprint_randomforest_classification_seed-42_size-10.txt
fingerprint,randomforest,classification,42,10,validation,Recall,0.564636,fingerprint_randomforest_classification_seed-42_size-10.txt
fingerprint,randomforest,classification,42,10,validation,F1,0.675556,fingerprint_randomforest_classification_seed-42_size-10.txt
fingerprint,randomforest,classification,42,10,validation,ROC_AUC,0.786683,fingerprint_randomforest_classification_seed-42_size-10.txt
fingerprint,randomforest,classification,42,10,test,Accuracy,0.615745,fingerprint_randomforest_classification_seed-42_size-10.txt
fingerprint,randomforest,classification,42,10,test,Precision,0.794304,fingerprint_randomforest_classification_seed-42_size-10.txt
fingerprint,randomforest,classification,42,10,test,Recall,0.421141,fingerprint_randomforest_classification_seed-42_size-10.txt
fingerprint,randomforest,classification,42,10,test,F1,0.550439,fingerprint_randomforest_classification_seed-42_size-10.txt
fingerprint,randomforest,classification,42,10,test,ROC_AUC,0.734226,fingerprint_randomforest_classification_seed-42_size-10.txt
fingerprint,randomforest,classification,42,100,validation,Accuracy,0.810811,fingerprint_randomforest_classification_seed-42_size-100.txt
fingerprint,randomforest,classification,42,100,validation,Precision,0.907441,fingerprint_randomforest_classification_seed-42_size-100.txt
fingerprint,randomforest,classification,42,100,validation,Recall,0.742942,fingerprint_randomforest_classification_seed-42_size-100.txt
fingerprint,randomforest,classification,42,100,validation,F1,0.816993,fingerprint_randomforest_classification_seed-42_size-100.txt
fingerprint,randomforest,classification,42,100,validation,ROC_AUC,0.879049,fingerprint_randomforest_classification_seed-42_size-100.txt
fingerprint,randomforest,classification,42,100,test,Accuracy,0.789128,fingerprint_randomforest_classification_seed-42_size-100.txt
fingerprint,randomforest,classification,42,100,test,Precision,0.880903,fingerprint_randomforest_classification_seed-42_size-100.txt
fingerprint,randomforest,classification,42,100,test,Recall,0.719799,fingerprint_randomforest_classification_seed-42_size-100.txt
fingerprint,randomforest,classification,42,100,test,F1,0.792244,fingerprint_randomforest_classification_seed-42_size-100.txt
fingerprint,randomforest,classification,42,100,test,ROC_AUC,0.875244,fingerprint_randomforest_classification_seed-42_size-100.txt
fingerprint,randomforest,classification,42,20,validation,Accuracy,0.664696,fingerprint_randomforest_classification_seed-42_size-20.txt
fingerprint,randomforest,classification,42,20,validation,Precision,0.664678,fingerprint_randomforest_classification_seed-42_size-20.txt
fingerprint,randomforest,classification,42,20,validation,Recall,0.827637,fingerprint_randomforest_classification_seed-42_size-20.txt
fingerprint,randomforest,classification,42,20,validation,F1,0.73726,fingerprint_randomforest_classification_seed-42_size-20.txt
fingerprint,randomforest,classification,42,20,validation,ROC_AUC,0.790822,fingerprint_randomforest_classification_seed-42_size-20.txt
fingerprint,randomforest,classification,42,20,test,Accuracy,0.654171,fingerprint_randomforest_classification_seed-42_size-20.txt
fingerprint,randomforest,classification,42,20,test,Precision,0.660993,fingerprint_randomforest_classification_seed-42_size-20.txt
fingerprint,randomforest,classification,42,20,test,Recall,0.781879,fingerprint_randomforest_classification_seed-42_size-20.txt
fingerprint,randomforest,classification,42,20,test,F1,0.716372,fingerprint_randomforest_classification_seed-42_size-20.txt
fingerprint,randomforest,classification,42,20,test,ROC_AUC,0.742957,fingerprint_randomforest_classification_seed-42_size-20.txt
fingerprint,randomforest,classification,42,50,validation,Accuracy,0.733108,fingerprint_randomforest_classification_seed-42_size-50.txt
fingerprint,randomforest,classification,42,50,validation,Precision,0.836158,fingerprint_randomforest_classification_seed-42_size-50.txt
fingerprint,randomforest,classification,42,50,validation,Recall,0.659733,fingerprint_randomforest_classification_seed-42_size-50.txt
fingerprint,randomforest,classification,42,50,validation,F1,0.737542,fingerprint_randomforest_classification_seed-42_size-50.txt
fingerprint,randomforest,classification,42,50,validation,ROC_AUC,0.809484,fingerprint_randomforest_classification_seed-42_size-50.txt
fingerprint,randomforest,classification,42,50,test,Accuracy,0.705717,fingerprint_randomforest_classification_seed-42_size-50.txt
fingerprint,randomforest,classification,42,50,test,Precision,0.783133,fingerprint_randomforest_classification_seed-42_size-50.txt
fingerprint,randomforest,classification,42,50,test,Recall,0.654362,fingerprint_randomforest_classification_seed-42_size-50.txt
fingerprint,randomforest,classification,42,50,test,F1,0.71298,fingerprint_randomforest_classification_seed-42_size-50.txt
fingerprint,randomforest,classification,42,50,test,ROC_AUC,0.787955,fingerprint_randomforest_classification_seed-42_size-50.txt
fingerprint,randomforest,classification,42,500,validation,Accuracy,0.826858,fingerprint_randomforest_classification_seed-42_size-500.txt
fingerprint,randomforest,classification,42,500,validation,Precision,0.902062,fingerprint_randomforest_classification_seed-42_size-500.txt
fingerprint,randomforest,classification,42,500,validation,Recall,0.780089,fingerprint_randomforest_classification_seed-42_size-500.txt
fingerprint,randomforest,classification,42,500,validation,F1,0.836653,fingerprint_randomforest_classification_seed-42_size-500.txt
fingerprint,randomforest,classification,42,500,validation,ROC_AUC,0.906138,fingerprint_randomforest_classification_seed-42_size-500.txt
fingerprint,randomforest,classification,42,500,test,Accuracy,0.828491,fingerprint_randomforest_classification_seed-42_size-500.txt
fingerprint,randomforest,classification,42,500,test,Precision,0.884544,fingerprint_randomforest_classification_seed-42_size-500.txt
fingerprint,randomforest,classification,42,500,test,Recall,0.79698,fingerprint_randomforest_classification_seed-42_size-500.txt
fingerprint,randomforest,classification,42,500,test,F1,0.838482,fingerprint_randomforest_classification_seed-42_size-500.txt
fingerprint,randomforest,classification,42,500,test,ROC_AUC,0.892739,fingerprint_randomforest_classification_seed-42_size-500.txt
fingerprint,randomforest,regression,123,10,validation,R2,-0.140829,fingerprint_randomforest_regression_seed-123_size-10.txt
fingerprint,randomforest,regression,123,10,validation,RMSE,1.313208,fingerprint_randomforest_regression_seed-123_size-10.txt
fingerprint,randomforest,regression,123,10,validation,MAE,1.080348,fingerprint_randomforest_regression_seed-123_size-10.txt
fingerprint,randomforest,regression,123,10,test,R2,-0.094258,fingerprint_randomforest_regression_seed-123_size-10.txt
fingerprint,randomforest,regression,123,10,test,RMSE,1.275924,fingerprint_randomforest_regression_seed-123_size-10.txt
fingerprint,randomforest,regression,123,10,test,MAE,1.007251,fingerprint_randomforest_regression_seed-123_size-10.txt
fingerprint,randomforest,regression,123,100,validation,R2,0.392149,fingerprint_randomforest_regression_seed-123_size-100.txt
fingerprint,randomforest,regression,123,100,validation,RMSE,0.958565,fingerprint_randomforest_regression_seed-123_size-100.txt
fingerprint,randomforest,regression,123,100,validation,MAE,0.786385,fingerprint_randomforest_regression_seed-123_size-100.txt
fingerprint,randomforest,regression,123,100,test,R2,0.279917,fingerprint_randomforest_regression_seed-123_size-100.txt
fingerprint,randomforest,regression,123,100,test,RMSE,1.035038,fingerprint_randomforest_regression_seed-123_size-100.txt
fingerprint,randomforest,regression,123,100,test,MAE,0.812057,fingerprint_randomforest_regression_seed-123_size-100.txt
fingerprint,randomforest,regression,123,20,validation,R2,0.127528,fingerprint_randomforest_regression_seed-123_size-20.txt
fingerprint,randomforest,regression,123,20,validation,RMSE,1.148416,fingerprint_randomforest_regression_seed-123_size-20.txt
fingerprint,randomforest,regression,123,20,validation,MAE,0.936694,fingerprint_randomforest_regression_seed-123_size-20.txt
fingerprint,randomforest,regression,123,20,test,R2,0.128899,fingerprint_randomforest_regression_seed-123_size-20.txt
fingerprint,randomforest,regression,123,20,test,RMSE,1.138411,fingerprint_randomforest_regression_seed-123_size-20.txt
fingerprint,randomforest,regression,123,20,test,MAE,0.924682,fingerprint_randomforest_regression_seed-123_size-20.txt
fingerprint,randomforest,regression,123,50,validation,R2,0.359189,fingerprint_randomforest_regression_seed-123_size-50.txt
fingerprint,randomforest,regression,123,50,validation,RMSE,0.984211,fingerprint_randomforest_regression_seed-123_size-50.txt
fingerprint,randomforest,regression,123,50,validation,MAE,0.792157,fingerprint_randomforest_regression_seed-123_size-50.txt
fingerprint,randomforest,regression,123,50,test,R2,0.240165,fingerprint_randomforest_regression_seed-123_size-50.txt
fingerprint,randomforest,regression,123,50,test,RMSE,1.063224,fingerprint_randomforest_regression_seed-123_size-50.txt
fingerprint,randomforest,regression,123,50,test,MAE,0.846254,fingerprint_randomforest_regression_seed-123_size-50.txt
fingerprint,randomforest,regression,123,500,validation,R2,0.589817,fingerprint_randomforest_regression_seed-123_size-500.txt
fingerprint,randomforest,regression,123,500,validation,RMSE,0.787431,fingerprint_randomforest_regression_seed-123_size-500.txt
fingerprint,randomforest,regression,123,500,validation,MAE,0.585031,fingerprint_randomforest_regression_seed-123_size-500.txt
fingerprint,randomforest,regression,123,500,test,R2,0.564316,fingerprint_randomforest_regression_seed-123_size-500.txt
fingerprint,randomforest,regression,123,500,test,RMSE,0.805102,fingerprint_randomforest_regression_seed-123_size-500.txt
fingerprint,randomforest,regression,123,500,test,MAE,0.580161,fingerprint_randomforest_regression_seed-123_size-500.txt
fingerprint,randomforest,regression,2137,10,validation,R2,-0.143,fingerprint_randomforest_regression_seed-2137_size-10.txt
fingerprint,randomforest,regression,2137,10,validation,RMSE,1.269259,fingerprint_randomforest_regression_seed-2137_size-10.txt
fingerprint,randomforest,regression,2137,10,validation,MAE,1.036979,fingerprint_randomforest_regression_seed-2137_size-10.txt
fingerprint,randomforest,regression,2137,10,test,R2,-0.307047,fingerprint_randomforest_regression_seed-2137_size-10.txt
fingerprint,randomforest,regression,2137,10,test,RMSE,1.379969,fingerprint_randomforest_regression_seed-2137_size-10.txt
fingerprint,randomforest,regression,2137,10,test,MAE,1.16172,fingerprint_randomforest_regression_seed-2137_size-10.txt
fingerprint,randomforest,regression,2137,100,validation,R2,0.381071,fingerprint_randomforest_regression_seed-2137_size-100.txt
fingerprint,randomforest,regression,2137,100,validation,RMSE,0.934001,fingerprint_randomforest_regression_seed-2137_size-100.txt
fingerprint,randomforest,regression,2137,100,validation,MAE,0.713652,fingerprint_randomforest_regression_seed-2137_size-100.txt
fingerprint,randomforest,regression,2137,100,test,R2,0.413916,fingerprint_randomforest_regression_seed-2137_size-100.txt
fingerprint,randomforest,regression,2137,100,test,RMSE,0.924068,fingerprint_randomforest_regression_seed-2137_size-100.txt
fingerprint,randomforest,regression,2137,100,test,MAE,0.693541,fingerprint_randomforest_regression_seed-2137_size-100.txt
fingerprint,randomforest,regression,2137,20,validation,R2,0.302919,fingerprint_randomforest_regression_seed-2137_size-20.txt
fingerprint,randomforest,regression,2137,20,validation,RMSE,0.991217,fingerprint_randomforest_regression_seed-2137_size-20.txt
fingerprint,randomforest,regression,2137,20,validation,MAE,0.783833,fingerprint_randomforest_regression_seed-2137_size-20.txt
fingerprint,randomforest,regression,2137,20,test,R2,0.354109,fingerprint_randomforest_regression_seed-2137_size-20.txt
fingerprint,randomforest,regression,2137,20,test,RMSE,0.970071,fingerprint_randomforest_regression_seed-2137_size-20.txt
fingerprint,randomforest,regression,2137,20,test,MAE,0.766984,fingerprint_randomforest_regression_seed-2137_size-20.txt
fingerprint,randomforest,regression,2137,50,validation,R2,0.23278,fingerprint_randomforest_regression_seed-2137_size-50.txt
fingerprint,randomforest,regression,2137,50,validation,RMSE,1.039889,fingerprint_randomforest_regression_seed-2137_size-50.txt
fingerprint,randomforest,regression,2137,50,validation,MAE,0.816782,fingerprint_randomforest_regression_seed-2137_size-50.txt
fingerprint,randomforest,regression,2137,50,test,R2,0.208555,fingerprint_randomforest_regression_seed-2137_size-50.txt
fingerprint,randomforest,regression,2137,50,test,RMSE,1.073826,fingerprint_randomforest_regression_seed-2137_size-50.txt
fingerprint,randomforest,regression,2137,50,test,MAE,0.849722,fingerprint_randomforest_regression_seed-2137_size-50.txt
fingerprint,randomforest,regression,2137,500,validation,R2,0.490013,fingerprint_randomforest_regression_seed-2137_size-500.txt
fingerprint,randomforest,regression,2137,500,validation,RMSE,0.847825,fingerprint_randomforest_regression_seed-2137_size-500.txt
fingerprint,randomforest,regression,2137,500,validation,MAE,0.641692,fingerprint_randomforest_regression_seed-2137_size-500.txt
fingerprint,randomforest,regression,2137,500,test,R2,0.565134,fingerprint_randomforest_regression_seed-2137_size-500.txt
fingerprint,randomforest,regression,2137,500,test,RMSE,0.795979,fingerprint_randomforest_regression_seed-2137_size-500.txt
fingerprint,randomforest,regression,2137,500,test,MAE,0.592631,fingerprint_randomforest_regression_seed-2137_size-500.txt
fingerprint,randomforest,regression,42,10,validation,R2,0.11742,fingerprint_randomforest_regression_seed-42_size-10.txt
fingerprint,randomforest,regression,42,10,validation,RMSE,1.154084,fingerprint_randomforest_regression_seed-42_size-10.txt
fingerprint,randomforest,regression,42,10,validation,MAE,0.962708,fingerprint_randomforest_regression_seed-42_size-10.txt
fingerprint,randomforest,regression,42,10,test,R2,0.100656,fingerprint_randomforest_regression_seed-42_size-10.txt
fingerprint,randomforest,regression,42,10,test,RMSE,1.165197,fingerprint_randomforest_regression_seed-42_size-10.txt
fingerprint,randomforest,regression,42,10,test,MAE,0.982945,fingerprint_randomforest_regression_seed-42_size-10.txt
fingerprint,randomforest,regression,42,100,validation,R2,0.488421,fingerprint_randomforest_regression_seed-42_size-100.txt
fingerprint,randomforest,regression,42,100,validation,RMSE,0.878652,fingerprint_randomforest_regression_seed-42_size-100.txt
fingerprint,randomforest,regression,42,100,validation,MAE,0.675681,fingerprint_randomforest_regression_seed-42_size-100.txt
fingerprint,randomforest,regression,42,100,test,R2,0.399127,fingerprint_randomforest_regression_seed-42_size-100.txt
fingerprint,randomforest,regression,42,100,test,RMSE,0.952419,fingerprint_randomforest_regression_seed-42_size-100.txt
fingerprint,randomforest,regression,42,100,test,MAE,0.745258,fingerprint_randomforest_regression_seed-42_size-100.txt
fingerprint,randomforest,regression,42,20,validation,R2,0.287238,fingerprint_randomforest_regression_seed-42_size-20.txt
fingerprint,randomforest,regression,42,20,validation,RMSE,1.037128,fingerprint_randomforest_regression_seed-42_size-20.txt
fingerprint,randomforest,regression,42,20,validation,MAE,0.820474,fingerprint_randomforest_regression_seed-42_size-20.txt
fingerprint,randomforest,regression,42,20,test,R2,0.221652,fingerprint_randomforest_regression_seed-42_size-20.txt
fingerprint,randomforest,regression,42,20,test,RMSE,1.083986,fingerprint_randomforest_regression_seed-42_size-20.txt
fingerprint,randomforest,regression,42,20,test,MAE,0.875119,fingerprint_randomforest_regression_seed-42_size-20.txt
fingerprint,randomforest,regression,42,50,validation,R2,0.313864,fingerprint_randomforest_regression_seed-42_size-50.txt
fingerprint,randomforest,regression,42,50,validation,RMSE,1.017573,fingerprint_randomforest_regression_seed-42_size-50.txt
fingerprint,randomforest,regression,42,50,validation,MAE,0.785796,fingerprint_randomforest_regression_seed-42_size-50.txt
fingerprint,randomforest,regression,42,50,test,R2,0.247595,fingerprint_randomforest_regression_seed-42_size-50.txt
fingerprint,randomforest,regression,42,50,test,RMSE,1.065767,fingerprint_randomforest_regression_seed-42_size-50.txt
fingerprint,randomforest,regression,42,50,test,MAE,0.829082,fingerprint_randomforest_regression_seed-42_size-50.txt
fingerprint,randomforest,regression,42,500,validation,R2,0.522068,fingerprint_randomforest_regression_seed-42_size-500.txt
fingerprint,randomforest,regression,42,500,validation,RMSE,0.849266,fingerprint_randomforest_regression_seed-42_size-500.txt
fingerprint,randomforest,regression,42,500,validation,MAE,0.632328,fingerprint_randomforest_regression_seed-42_size-500.txt
fingerprint,randomforest,regression,42,500,test,R2,0.494674,fingerprint_randomforest_regression_seed-42_size-500.txt
fingerprint,randomforest,regression,42,500,test,RMSE,0.873418,fingerprint_randomforest_regression_seed-42_size-500.txt
fingerprint,randomforest,regression,42,500,test,MAE,0.651165,fingerprint_randomforest_regression_seed-42_size-500.txt
fingerprint,svm,classification,123,10,validation,Accuracy,0.688066,fingerprint_svm_classification_seed-123_size-10.txt
fingerprint,svm,classification,123,10,validation,Precision,0.768642,fingerprint_svm_classification_seed-123_size-10.txt
fingerprint,svm,classification,123,10,validation,Recall,0.579251,fingerprint_svm_classification_seed-123_size-10.txt
fingerprint,svm,classification,123,10,validation,F1,0.660641,fingerprint_svm_classification_seed-123_size-10.txt
fingerprint,svm,classification,123,10,validation,ROC_AUC,0.75954,fingerprint_svm_classification_seed-123_size-10.txt
fingerprint,svm,classification,123,10,test,Accuracy,0.695051,fingerprint_svm_classification_seed-123_size-10.txt
fingerprint,svm,classification,123,10,test,Precision,0.743431,fingerprint_svm_classification_seed-123_size-10.txt
fingerprint,svm,classification,123,10,test,Recall,0.655313,fingerprint_svm_classification_seed-123_size-10.txt
fingerprint,svm,classification,123,10,test,F1,0.696597,fingerprint_svm_classification_seed-123_size-10.txt
fingerprint,svm,classification,123,10,test,ROC_AUC,0.79355,fingerprint_svm_classification_seed-123_size-10.txt
fingerprint,svm,classification,123,100,validation,Accuracy,0.794562,fingerprint_svm_classification_seed-123_size-100.txt
fingerprint,svm,classification,123,100,validation,Precision,0.858844,fingerprint_svm_classification_seed-123_size-100.txt
fingerprint,svm,classification,123,100,validation,Recall,0.727666,fingerprint_svm_classification_seed-123_size-100.txt
fingerprint,svm,classification,123,100,validation,F1,0.787832,fingerprint_svm_classification_seed-123_size-100.txt
fingerprint,svm,classification,123,100,validation,ROC_AUC,0.855076,fingerprint_svm_classification_seed-123_size-100.txt
fingerprint,svm,classification,123,100,test,Accuracy,0.781659,fingerprint_svm_classification_seed-123_size-100.txt
fingerprint,svm,classification,123,100,test,Precision,0.834877,fingerprint_svm_classification_seed-123_size-100.txt
fingerprint,svm,classification,123,100,test,Recall,0.737057,fingerprint_svm_classification_seed-123_size-100.txt
fingerprint,svm,classification,123,100,test,F1,0.782923,fingerprint_svm_classification_seed-123_size-100.txt
fingerprint,svm,classification,123,100,test,ROC_AUC,0.858428,fingerprint_svm_classification_seed-123_size-100.txt
fingerprint,svm,classification,123,20,validation,Accuracy,0.740937,fingerprint_svm_classification_seed-123_size-20.txt
fingerprint,svm,classification,123,20,validation,Precision,0.751073,fingerprint_svm_classification_seed-123_size-20.txt
fingerprint,svm,classification,123,20,validation,Recall,0.756484,fingerprint_svm_classification_seed-123_size-20.txt
fingerprint,svm,classification,123,20,validation,F1,0.753769,fingerprint_svm_classification_seed-123_size-20.txt
fingerprint,svm,classification,123,20,validation,ROC_AUC,0.800961,fingerprint_svm_classification_seed-123_size-20.txt
fingerprint,svm,classification,123,20,test,Accuracy,0.754003,fingerprint_svm_classification_seed-123_size-20.txt
fingerprint,svm,classification,123,20,test,Precision,0.755155,fingerprint_svm_classification_seed-123_size-20.txt
fingerprint,svm,classification,123,20,test,Recall,0.798365,fingerprint_svm_classification_seed-123_size-20.txt
fingerprint,svm,classification,123,20,test,F1,0.776159,fingerprint_svm_classification_seed-123_size-20.txt
fingerprint,svm,classification,123,20,test,ROC_AUC,0.807239,fingerprint_svm_classification_seed-123_size-20.txt
fingerprint,svm,classification,123,50,validation,Accuracy,0.713746,fingerprint_svm_classification_seed-123_size-50.txt
fingerprint,svm,classification,123,50,validation,Precision,0.715458,fingerprint_svm_classification_seed-123_size-50.txt
fingerprint,svm,classification,123,50,validation,Recall,0.753602,fingerprint_svm_classification_seed-123_size-50.txt
fingerprint,svm,classification,123,50,validation,F1,0.734035,fingerprint_svm_classification_seed-123_size-50.txt
fingerprint,svm,classification,123,50,validation,ROC_AUC,0.802275,fingerprint_svm_classification_seed-123_size-50.txt
fingerprint,svm,classification,123,50,test,Accuracy,0.692868,fingerprint_svm_classification_seed-123_size-50.txt
fingerprint,svm,classification,123,50,test,Precision,0.70155,fingerprint_svm_classification_seed-123_size-50.txt
fingerprint,svm,classification,123,50,test,Recall,0.739782,fingerprint_svm_classification_seed-123_size-50.txt
fingerprint,svm,classification,123,50,test,F1,0.720159,fingerprint_svm_classification_seed-123_size-50.txt
fingerprint,svm,classification,123,50,test,ROC_AUC,0.799423,fingerprint_svm_classification_seed-123_size-50.txt
fingerprint,svm,classification,123,500,validation,Accuracy,0.838369,fingerprint_svm_classification_seed-123_size-500.txt
fingerprint,svm,classification,123,500,validation,Precision,0.921053,fingerprint_svm_classification_seed-123_size-500.txt
fingerprint,svm,classification,123,500,validation,Recall,0.756484,fingerprint_svm_classification_seed-123_size-500.txt
fingerprint,svm,classification,123,500,validation,F1,0.830696,fingerprint_svm_classification_seed-123_size-500.txt
fingerprint,svm,classification,123,500,validation,ROC_AUC,0.913548,fingerprint_svm_classification_seed-123_size-500.txt
fingerprint,svm,classification,123,500,test,Accuracy,0.853712,fingerprint_svm_classification_seed-123_size-500.txt
fingerprint,svm,classification,123,500,test,Precision,0.944908,fingerprint_svm_classification_seed-123_size-500.txt
fingerprint,svm,classification,123,500,test,Recall,0.771117,fingerprint_svm_classification_seed-123_size-500.txt
fingerprint,svm,classification,123,500,test,F1,0.849212,fingerprint_svm_classification_seed-123_size-500.txt
fingerprint,svm,classification,123,500,test,ROC_AUC,0.924997,fingerprint_svm_classification_seed-123_size-500.txt
fingerprint,svm,classification,2137,10,validation,Accuracy,0.528287,fingerprint_svm_classification_seed-2137_size-10.txt
fingerprint,svm,classification,2137,10,validation,Precision,0.528287,fingerprint_svm_classification_seed-2137_size-10.txt
fingerprint,svm,classification,2137,10,validation,Recall,1.0,fingerprint_svm_classification_seed-2137_size-10.txt
fingerprint,svm,classification,2137,10,validation,F1,0.691345,fingerprint_svm_classification_seed-2137_size-10.txt
fingerprint,svm,classification,2137,10,validation,ROC_AUC,0.357934,fingerprint_svm_classification_seed-2137_size-10.txt
fingerprint,svm,classification,2137,10,test,Accuracy,0.439771,fingerprint_svm_classification_seed-2137_size-10.txt
fingerprint,svm,classification,2137,10,test,Precision,0.439771,fingerprint_svm_classification_seed-2137_size-10.txt
fingerprint,svm,classification,2137,10,test,Recall,1.0,fingerprint_svm_classification_seed-2137_size-10.txt
fingerprint,svm,classification,2137,10,test,F1,0.61089,fingerprint_svm_classification_seed-2137_size-10.txt
fingerprint,svm,classification,2137,10,test,ROC_AUC,0.418892,fingerprint_svm_classification_seed-2137_size-10.txt
fingerprint,svm,classification,2137,100,validation,Accuracy,0.736255,fingerprint_svm_classification_seed-2137_size-100.txt
fingerprint,svm,classification,2137,100,validation,Precision,0.766881,fingerprint_svm_classification_seed-2137_size-100.txt
fingerprint,svm,classification,2137,100,validation,Recall,0.719457,fingerprint_svm_classification_seed-2137_size-100.txt
fingerprint,svm,classification,2137,100,validation,F1,0.742412,fingerprint_svm_classification_seed-2137_size-100.txt
fingerprint,svm,classification,2137,100,validation,ROC_AUC,0.810229,fingerprint_svm_classification_seed-2137_size-100.txt
fingerprint,svm,classification,2137,100,test,Accuracy,0.743786,fingerprint_svm_classification_seed-2137_size-100.txt
fingerprint,svm,classification,2137,100,test,Precision,0.684615,fingerprint_svm_classification_seed-2137_size-100.txt
fingerprint,svm,classification,2137,100,test,Recall,0.773913,fingerprint_svm_classification_seed-2137_size-100.txt
fingerprint,svm,classification,2137,100,test,F1,0.726531,fingerprint_svm_classification_seed-2137_size-100.txt
fingerprint,svm,classification,2137,100,test,ROC_AUC,0.861984,fingerprint_svm_classification_seed-2137_size-100.txt
fingerprint,svm,classification,2137,20,validation,Accuracy,0.528287,fingerprint_svm_classification_seed-2137_size-20.txt
fingerprint,svm,classification,2137,20,validation,Precision,0.528287,fingerprint_svm_classification_seed-2137_size-20.txt
fingerprint,svm,classification,2137,20,validation,Recall,1.0,fingerprint_svm_classification_seed-2137_size-20.txt
fingerprint,svm,classification,2137,20,validation,F1,0.691345,fingerprint_svm_classification_seed-2137_size-20.txt
fingerprint,svm,classification,2137,20,validation,ROC_AUC,0.237215,fingerprint_svm_classification_seed-2137_size-20.txt
fingerprint,svm,classification,2137,20,test,Accuracy,0.439771,fingerprint_svm_classification_seed-2137_size-20.txt
fingerprint,svm,classification,2137,20,test,Precision,0.439771,fingerprint_svm_classification_seed-2137_size-20.txt
fingerprint,svm,classification,2137,20,test,Recall,1.0,fingerprint_svm_classification_seed-2137_size-20.txt
fingerprint,svm,classification,2137,20,test,F1,0.61089,fingerprint_svm_classification_seed-2137_size-20.txt
fingerprint,svm,classification,2137,20,test,ROC_AUC,0.194868,fingerprint_svm_classification_seed-2137_size-20.txt
fingerprint,svm,classification,2137,50,validation,Accuracy,0.658167,fingerprint_svm_classification_seed-2137_size-50.txt
fingerprint,svm,classification,2137,50,validation,Precision,0.653947,fingerprint_svm_classification_seed-2137_size-50.txt
fingerprint,svm,classification,2137,50,validation,Recall,0.749623,fingerprint_svm_classification_seed-2137_size-50.txt
fingerprint,svm,classification,2137,50,validation,F1,0.698524,fingerprint_svm_classification_seed-2137_size-50.txt
fingerprint,svm,classification,2137,50,validation,ROC_AUC,0.743394,fingerprint_svm_classification_seed-2137_size-50.txt
fingerprint,svm,classification,2137,50,test,Accuracy,0.697897,fingerprint_svm_classification_seed-2137_size-50.txt
fingerprint,svm,classification,2137,50,test,Precision,0.62,fingerprint_svm_classification_seed-2137_size-50.txt
fingerprint,svm,classification,2137,50,test,Recall,0.808696,fingerprint_svm_classification_seed-2137_size-50.txt
fingerprint,svm,classification,2137,50,test,F1,0.701887,fingerprint_svm_classification_seed-2137_size-50.txt
fingerprint,svm,classification,2137,50,test,ROC_AUC,0.804233,fingerprint_svm_classification_seed-2137_size-50.txt
fingerprint,svm,classification,2137,500,validation,Accuracy,0.793625,fingerprint_svm_classification_seed-2137_size-500.txt
fingerprint,svm,classification,2137,500,validation,Precision,0.834437,fingerprint_svm_classification_seed-2137_size-500.txt
fingerprint,svm,classification,2137,500,validation,Recall,0.760181,fingerprint_svm_classification_seed-2137_size-500.txt
fingerprint,svm,classification,2137,500,validation,F1,0.79558,fingerprint_svm_classification_seed-2137_size-500.txt
fingerprint,svm,classification,2137,500,validation,ROC_AUC,0.857485,fingerprint_svm_classification_seed-2137_size-500.txt
fingerprint,svm,classification,2137,500,test,Accuracy,0.84608,fingerprint_svm_classification_seed-2137_size-500.txt
fingerprint,svm,classification,2137,500,test,Precision,0.824295,fingerprint_svm_classification_seed-2137_size-500.txt
fingerprint,svm,classification,2137,500,test,Recall,0.826087,fingerprint_svm_classification_seed-2137_size-500.txt
fingerprint,svm,classification,2137,500,test,F1,0.82519,fingerprint_svm_classification_seed-2137_size-500.txt
fingerprint,svm,classification,2137,500,test,ROC_AUC,0.91138,fingerprint_svm_classification_seed-2137_size-500.txt
fingerprint,svm,classification,42,10,validation,Accuracy,0.733953,fingerprint_svm_classification_seed-42_size-10.txt
fingerprint,svm,classification,42,10,validation,Precision,0.856574,fingerprint_svm_classification_seed-42_size-10.txt
fingerprint,svm,classification,42,10,validation,Recall,0.63893,fingerprint_svm_classification_seed-42_size-10.txt
fingerprint,svm,classification,42,10,validation,F1,0.731915,fingerprint_svm_classification_seed-42_size-10.txt
fingerprint,svm,classification,42,10,validation,ROC_AUC,0.79409,fingerprint_svm_classification_seed-42_size-10.txt
fingerprint,svm,classification,42,10,test,Accuracy,0.642924,fingerprint_svm_classification_seed-42_size-10.txt
fingerprint,svm,classification,42,10,test,Precision,0.786667,fingerprint_svm_classification_seed-42_size-10.txt
fingerprint,svm,classification,42,10,test,Recall,0.494966,fingerprint_svm_classification_seed-42_size-10.txt
fingerprint,svm,classification,42,10,test,F1,0.607621,fingerprint_svm_classification_seed-42_size-10.txt
fingerprint,svm,classification,42,10,test,ROC_AUC,0.724043,fingerprint_svm_classification_seed-42_size-10.txt
fingerprint,svm,classification,42,100,validation,Accuracy,0.804899,fingerprint_svm_classification_seed-42_size-100.txt
fingerprint,svm,classification,42,100,validation,Precision,0.916981,fingerprint_svm_classification_seed-42_size-100.txt
fingerprint,svm,classification,42,100,validation,Recall,0.72214,fingerprint_svm_classification_seed-42_size-100.txt
fingerprint,svm,classification,42,100,validation,F1,0.80798,fingerprint_svm_classification_seed-42_size-100.txt
fingerprint,svm,classification,42,100,validation,ROC_AUC,0.864043,fingerprint_svm_classification_seed-42_size-100.txt
fingerprint,svm,classification,42,100,test,Accuracy,0.784442,fingerprint_svm_classification_seed-42_size-100.txt
fingerprint,svm,classification,42,100,test,Precision,0.903084,fingerprint_svm_classification_seed-42_size-100.txt
fingerprint,svm,classification,42,100,test,Recall,0.687919,fingerprint_svm_classification_seed-42_size-100.txt
fingerprint,svm,classification,42,100,test,F1,0.780952,fingerprint_svm_classification_seed-42_size-100.txt
fingerprint,svm,classification,42,100,test,ROC_AUC,0.862625,fingerprint_svm_classification_seed-42_size-100.txt
fingerprint,svm,classification,42,20,validation,Accuracy,0.63598,fingerprint_svm_classification_seed-42_size-20.txt
fingerprint,svm,classification,42,20,validation,Precision,0.618627,fingerprint_svm_classification_seed-42_size-20.txt
fingerprint,svm,classification,42,20,validation,Recall,0.937593,fingerprint_svm_classification_seed-42_size-20.txt
fingerprint,svm,classification,42,20,validation,F1,0.745422,fingerprint_svm_classification_seed-42_size-20.txt
fingerprint,svm,classification,42,20,validation,ROC_AUC,0.787943,fingerprint_svm_classification_seed-42_size-20.txt
fingerprint,svm,classification,42,20,test,Accuracy,0.62418,fingerprint_svm_classification_seed-42_size-20.txt
fingerprint,svm,classification,42,20,test,Precision,0.608213,fingerprint_svm_classification_seed-42_size-20.txt
fingerprint,svm,classification,42,20,test,Recall,0.919463,fingerprint_svm_classification_seed-42_size-20.txt
fingerprint,svm,classification,42,20,test,F1,0.732131,fingerprint_svm_classification_seed-42_size-20.txt
fingerprint,svm,classification,42,20,test,ROC_AUC,0.744243,fingerprint_svm_classification_seed-42_size-20.txt
fingerprint,svm,classification,42,50,validation,Accuracy,0.728041,fingerprint_svm_classification_seed-42_size-50.txt
fingerprint,svm,classification,42,50,validation,Precision,0.824399,fingerprint_svm_classification_seed-42_size-50.txt
fingerprint,svm,classification,42,50,validation,Recall,0.662704,fingerprint_svm_classification_seed-42_size-50.txt
fingerprint,svm,classification,42,50,validation,F1,0.734761,fingerprint_svm_classification_seed-42_size-50.txt
fingerprint,svm,classification,42,50,validation,ROC_AUC,0.821223,fingerprint_svm_classification_seed-42_size-50.txt
fingerprint,svm,classification,42,50,test,Accuracy,0.716026,fingerprint_svm_classification_seed-42_size-50.txt
fingerprint,svm,classification,42,50,test,Precision,0.804574,fingerprint_svm_classification_seed-42_size-50.txt
fingerprint,svm,classification,42,50,test,Recall,0.649329,fingerprint_svm_classification_seed-42_size-50.txt
fingerprint,svm,classification,42,50,test,F1,0.718663,fingerprint_svm_classification_seed-42_size-50.txt
fingerprint,svm,classification,42,50,test,ROC_AUC,0.809083,fingerprint_svm_classification_seed-42_size-50.txt
fingerprint,svm,classification,42,500,validation,Accuracy,0.837838,fingerprint_svm_classification_seed-42_size-500.txt
fingerprint,svm,classification,42,500,validation,Precision,0.879937,fingerprint_svm_classification_seed-42_size-500.txt
fingerprint,svm,classification,42,500,validation,Recall,0.827637,fingerprint_svm_classification_seed-42_size-500.txt
fingerprint,svm,classification,42,500,validation,F1,0.852986,fingerprint_svm_classification_seed-42_size-500.txt
fingerprint,svm,classification,42,500,validation,ROC_AUC,0.905784,fingerprint_svm_classification_seed-42_size-500.txt
fingerprint,svm,classification,42,500,test,Accuracy,0.824742,fingerprint_svm_classification_seed-42_size-500.txt
fingerprint,svm,classification,42,500,test,Precision,0.861947,fingerprint_svm_classification_seed-42_size-500.txt
fingerprint,svm,classification,42,500,test,Recall,0.817114,fingerprint_svm_classification_seed-42_size-500.txt
fingerprint,svm,classification,42,500,test,F1,0.838932,fingerprint_svm_classification_seed-42_size-500.txt
fingerprint,svm,classification,42,500,test,ROC_AUC,0.890868,fingerprint_svm_classification_seed-42_size-500.txt
fingerprint,svm,regression,123,10,validation,R2,0.171383,fingerprint_svm_regression_seed-123_size-10.txt
fingerprint,svm,regression,123,10,validation,RMSE,1.11918,fingerprint_svm_regression_seed-123_size-10.txt
fingerprint,svm,regression,123,10,validation,MAE,0.89729,fingerprint_svm_regression_seed-123_size-10.txt
fingerprint,svm,regression,123,10,test,R2,0.153207,fingerprint_svm_regression_seed-123_size-10.txt
fingerprint,svm,regression,123,10,test,RMSE,1.122416,fingerprint_svm_regression_seed-123_size-10.txt
fingerprint,svm,regression,123,10,test,MAE,0.897121,fingerprint_svm_regression_seed-123_size-10.txt
fingerprint,svm,regression,123,100,validation,R2,0.407256,fingerprint_svm_regression_seed-123_size-100.txt
fingerprint,svm,regression,123,100,validation,RMSE,0.946579,fingerprint_svm_regression_seed-123_size-100.txt
fingerprint,svm,regression,123,100,validation,MAE,0.753164,fingerprint_svm_regression_seed-123_size-100.txt
fingerprint,svm,regression,123,100,test,R2,0.308664,fingerprint_svm_regression_seed-123_size-100.txt
fingerprint,svm,regression,123,100,test,RMSE,1.014167,fingerprint_svm_regression_seed-123_size-100.txt
fingerprint,svm,regression,123,100,test,MAE,0.801049,fingerprint_svm_regression_seed-123_size-100.txt
fingerprint,svm,regression,123,20,validation,R2,0.139122,fingerprint_svm_regression_seed-123_size-20.txt
fingerprint,svm,regression,123,20,validation,RMSE,1.140759,fingerprint_svm_regression_seed-123_size-20.txt
fingerprint,svm,regression,123,20,validation,MAE,0.913,fingerprint_svm_regression_seed-123_size-20.txt
fingerprint,svm,regression,123,20,test,R2,0.140449,fingerprint_svm_regression_seed-123_size-20.txt
fingerprint,svm,regression,123,20,test,RMSE,1.130839,fingerprint_svm_regression_seed-123_size-20.txt
fingerprint,svm,regression,123,20,test,MAE,0.900724,fingerprint_svm_regression_seed-123_size-20.txt
fingerprint,svm,regression,123,50,validation,R2,0.347748,fingerprint_svm_regression_seed-123_size-50.txt
fingerprint,svm,regression,123,50,validation,RMSE,0.992958,fingerprint_svm_regression_seed-123_size-50.txt
fingerprint,svm,regression,123,50,validation,MAE,0.826589,fingerprint_svm_regression_seed-123_size-50.txt
fingerprint,svm,regression,123,50,test,R2,0.330902,fingerprint_svm_regression_seed-123_size-50.txt
fingerprint,svm,regression,123,50,test,RMSE,0.997723,fingerprint_svm_regression_seed-123_size-50.txt
fingerprint,svm,regression,123,50,test,MAE,0.817637,fingerprint_svm_regression_seed-123_size-50.txt
fingerprint,svm,regression,123,500,validation,R2,0.616873,fingerprint_svm_regression_seed-123_size-500.txt
fingerprint,svm,regression,123,500,validation,RMSE,0.761017,fingerprint_svm_regression_seed-123_size-500.txt
fingerprint,svm,regression,123,500,validation,MAE,0.590883,fingerprint_svm_regression_seed-123_size-500.txt
fingerprint,svm,regression,123,500,test,R2,0.586138,fingerprint_svm_regression_seed-123_size-500.txt
fingerprint,svm,regression,123,500,test,RMSE,0.784681,fingerprint_svm_regression_seed-123_size-500.txt
fingerprint,svm,regression,123,500,test,MAE,0.605377,fingerprint_svm_regression_seed-123_size-500.txt
fingerprint,svm,regression,2137,10,validation,R2,-0.104705,fingerprint_svm_regression_seed-2137_size-10.txt
fingerprint,svm,regression,2137,10,validation,RMSE,1.247815,fingerprint_svm_regression_seed-2137_size-10.txt
fingerprint,svm,regression,2137,10,validation,MAE,1.024938,fingerprint_svm_regression_seed-2137_size-10.txt
fingerprint,svm,regression,2137,10,test,R2,-0.239045,fingerprint_svm_regression_seed-2137_size-10.txt
fingerprint,svm,regression,2137,10,test,RMSE,1.343592,fingerprint_svm_regression_seed-2137_size-10.txt
fingerprint,svm,regression,2137,10,test,MAE,1.128449,fingerprint_svm_regression_seed-2137_size-10.txt
fingerprint,svm,regression,2137,100,validation,R2,0.358638,fingerprint_svm_regression_seed-2137_size-100.txt
fingerprint,svm,regression,2137,100,validation,RMSE,0.950777,fingerprint_svm_regression_seed-2137_size-100.txt
fingerprint,svm,regression,2137,100,validation,MAE,0.722649,fingerprint_svm_regression_seed-2137_size-100.txt
fingerprint,svm,regression,2137,100,test,R2,0.382413,fingerprint_svm_regression_seed-2137_size-100.txt
fingerprint,svm,regression,2137,100,test,RMSE,0.948578,fingerprint_svm_regression_seed-2137_size-100.txt
fingerprint,svm,regression,2137,100,test,MAE,0.714041,fingerprint_svm_regression_seed-2137_size-100.txt
fingerprint,svm,regression,2137,20,validation,R2,0.324917,fingerprint_svm_regression_seed-2137_size-20.txt
fingerprint,svm,regression,2137,20,validation,RMSE,0.975451,fingerprint_svm_regression_seed-2137_size-20.txt
fingerprint,svm,regression,2137,20,validation,MAE,0.789197,fingerprint_svm_regression_seed-2137_size-20.txt
fingerprint,svm,regression,2137,20,test,R2,0.353247,fingerprint_svm_regression_seed-2137_size-20.txt
fingerprint,svm,regression,2137,20,test,RMSE,0.970718,fingerprint_svm_regression_seed-2137_size-20.txt
fingerprint,svm,regression,2137,20,test,MAE,0.772879,fingerprint_svm_regression_seed-2137_size-20.txt
fingerprint,svm,regression,2137,50,validation,R2,0.332907,fingerprint_svm_regression_seed-2137_size-50.txt
fingerprint,svm,regression,2137,50,validation,RMSE,0.969662,fingerprint_svm_regression_seed-2137_size-50.txt
fingerprint,svm,regression,2137,50,validation,MAE,0.756871,fingerprint_svm_regression_seed-2137_size-50.txt
fingerprint,svm,regression,2137,50,test,R2,0.303962,fingerprint_svm_regression_seed-2137_size-50.txt
fingerprint,svm,regression,2137,50,test,RMSE,1.007025,fingerprint_svm_regression_seed-2137_size-50.txt
fingerprint,svm,regression,2137,50,test,MAE,0.784726,fingerprint_svm_regression_seed-2137_size-50.txt
fingerprint,svm,regression,2137,500,validation,R2,0.530758,fingerprint_svm_regression_seed-2137_size-500.txt
fingerprint,svm,regression,2137,500,validation,RMSE,0.813252,fingerprint_svm_regression_seed-2137_size-500.txt
fingerprint,svm,regression,2137,500,validation,MAE,0.627526,fingerprint_svm_regression_seed-2137_size-500.txt
fingerprint,svm,regression,2137,500,test,R2,0.584191,fingerprint_svm_regression_seed-2137_size-500.txt
fingerprint,svm,regression,2137,500,test,RMSE,0.778342,fingerprint_svm_regression_seed-2137_size-500.txt
fingerprint,svm,regression,2137,500,test,MAE,0.590582,fingerprint_svm_regression_seed-2137_size-500.txt
fingerprint,svm,regression,42,10,validation,R2,0.081925,fingerprint_svm_regression_seed-42_size-10.txt
fingerprint,svm,regression,42,10,validation,RMSE,1.177063,fingerprint_svm_regression_seed-42_size-10.txt
fingerprint,svm,regression,42,10,validation,MAE,0.985882,fingerprint_svm_regression_seed-42_size-10.txt
fingerprint,svm,regression,42,10,test,R2,0.070699,fingerprint_svm_regression_seed-42_size-10.txt
fingerprint,svm,regression,42,10,test,RMSE,1.184445,fingerprint_svm_regression_seed-42_size-10.txt
fingerprint,svm,regression,42,10,test,MAE,1.010089,fingerprint_svm_regression_seed-42_size-10.txt
fingerprint,svm,regression,42,100,validation,R2,0.474317,fingerprint_svm_regression_seed-42_size-100.txt
fingerprint,svm,regression,42,100,validation,RMSE,0.890681,fingerprint_svm_regression_seed-42_size-100.txt
fingerprint,svm,regression,42,100,validation,MAE,0.718222,fingerprint_svm_regression_seed-42_size-100.txt
fingerprint,svm,regression,42,100,test,R2,0.399684,fingerprint_svm_regression_seed-42_size-100.txt
fingerprint,svm,regression,42,100,test,RMSE,0.951977,fingerprint_svm_regression_seed-42_size-100.txt
fingerprint,svm,regression,42,100,test,MAE,0.761934,fingerprint_svm_regression_seed-42_size-100.txt
fingerprint,svm,regression,42,20,validation,R2,0.256532,fingerprint_svm_regression_seed-42_size-20.txt
fingerprint,svm,regression,42,20,validation,RMSE,1.059234,fingerprint_svm_regression_seed-42_size-20.txt
fingerprint,svm,regression,42,20,validation,MAE,0.831606,fingerprint_svm_regression_seed-42_size-20.txt
fingerprint,svm,regression,42,20,test,R2,0.173912,fingerprint_svm_regression_seed-42_size-20.txt
fingerprint,svm,regression,42,20,test,RMSE,1.116734,fingerprint_svm_regression_seed-42_size-20.txt
fingerprint,svm,regression,42,20,test,MAE,0.899873,fingerprint_svm_regression_seed-42_size-20.txt
fingerprint,svm,regression,42,50,validation,R2,0.386279,fingerprint_svm_regression_seed-42_size-50.txt
fingerprint,svm,regression,42,50,validation,RMSE,0.962379,fingerprint_svm_regression_seed-42_size-50.txt
fingerprint,svm,regression,42,50,validation,MAE,0.755696,fingerprint_svm_regression_seed-42_size-50.txt
fingerprint,svm,regression,42,50,test,R2,0.325122,fingerprint_svm_regression_seed-42_size-50.txt
fingerprint,svm,regression,42,50,test,RMSE,1.009367,fingerprint_svm_regression_seed-42_size-50.txt
fingerprint,svm,regression,42,50,test,MAE,0.803339,fingerprint_svm_regression_seed-42_size-50.txt
fingerprint,svm,regression,42,500,validation,R2,0.574003,fingerprint_svm_regression_seed-42_size-500.txt
fingerprint,svm,regression,42,500,validation,RMSE,0.801795,fingerprint_svm_regression_seed-42_size-500.txt
fingerprint,svm,regression,42,500,validation,MAE,0.610621,fingerprint_svm_regression_seed-42_size-500.txt
fingerprint,svm,regression,42,500,test,R2,0.544356,fingerprint_svm_regression_seed-42_size-500.txt
fingerprint,svm,regression,42,500,test,RMSE,0.829372,fingerprint_svm_regression_seed-42_size-500.txt
fingerprint,svm,regression,42,500,test,MAE,0.636567,fingerprint_svm_regression_seed-42_size-500.txt
fingerprint,xgboost,classification,123,10,validation,Accuracy,0.669184,fingerprint_xgboost_classification_seed-123_size-10.txt
fingerprint,xgboost,classification,123,10,validation,Precision,0.701893,fingerprint_xgboost_classification_seed-123_size-10.txt
fingerprint,xgboost,classification,123,10,validation,Recall,0.64121,fingerprint_xgboost_classification_seed-123_size-10.txt
fingerprint,xgboost,classification,123,10,validation,F1,0.670181,fingerprint_xgboost_classification_seed-123_size-10.txt
fingerprint,xgboost,classification,123,10,validation,ROC_AUC,0.673197,fingerprint_xgboost_classification_seed-123_size-10.txt
fingerprint,xgboost,classification,123,10,test,Accuracy,0.688501,fingerprint_xgboost_classification_seed-123_size-10.txt
fingerprint,xgboost,classification,123,10,test,Precision,0.739812,fingerprint_xgboost_classification_seed-123_size-10.txt
fingerprint,xgboost,classification,123,10,test,Recall,0.643052,fingerprint_xgboost_classification_seed-123_size-10.txt
fingerprint,xgboost,classification,123,10,test,F1,0.688047,fingerprint_xgboost_classification_seed-123_size-10.txt
fingerprint,xgboost,classification,123,10,test,ROC_AUC,0.711385,fingerprint_xgboost_classification_seed-123_size-10.txt
fingerprint,xgboost,classification,123,100,validation,Accuracy,0.773414,fingerprint_xgboost_classification_seed-123_size-100.txt
fingerprint,xgboost,classification,123,100,validation,Precision,0.811709,fingerprint_xgboost_classification_seed-123_size-100.txt
fingerprint,xgboost,classification,123,100,validation,Recall,0.739193,fingerprint_xgboost_classification_seed-123_size-100.txt
fingerprint,xgboost,classification,123,100,validation,F1,0.773756,fingerprint_xgboost_classification_seed-123_size-100.txt
fingerprint,xgboost,classification,123,100,validation,ROC_AUC,0.825444,fingerprint_xgboost_classification_seed-123_size-100.txt
fingerprint,xgboost,classification,123,100,test,Accuracy,0.775109,fingerprint_xgboost_classification_seed-123_size-100.txt
fingerprint,xgboost,classification,123,100,test,Precision,0.82344,fingerprint_xgboost_classification_seed-123_size-100.txt
fingerprint,xgboost,classification,123,100,test,Recall,0.737057,fingerprint_xgboost_classification_seed-123_size-100.txt
fingerprint,xgboost,classification,123,100,test,F1,0.777858,fingerprint_xgboost_classification_seed-123_size-100.txt
fingerprint,xgboost,classification,123,100,test,ROC_AUC,0.830467,fingerprint_xgboost_classification_seed-123_size-100.txt
fingerprint,xgboost,classification,123,20,validation,Accuracy,0.712991,fingerprint_xgboost_classification_seed-123_size-20.txt
fingerprint,xgboost,classification,123,20,validation,Precision,0.687351,fingerprint_xgboost_classification_seed-123_size-20.txt
fingerprint,xgboost,classification,123,20,validation,Recall,0.829971,fingerprint_xgboost_classification_seed-123_size-20.txt
fingerprint,xgboost,classification,123,20,validation,F1,0.751958,fingerprint_xgboost_classification_seed-123_size-20.txt
fingerprint,xgboost,classification,123,20,validation,ROC_AUC,0.806793,fingerprint_xgboost_classification_seed-123_size-20.txt
fingerprint,xgboost,classification,123,20,test,Accuracy,0.762737,fingerprint_xgboost_classification_seed-123_size-20.txt
fingerprint,xgboost,classification,123,20,test,Precision,0.735566,fingerprint_xgboost_classification_seed-123_size-20.txt
fingerprint,xgboost,classification,123,20,test,Recall,0.867847,fingerprint_xgboost_classification_seed-123_size-20.txt
fingerprint,xgboost,classification,123,20,test,F1,0.79625,fingerprint_xgboost_classification_seed-123_size-20.txt
fingerprint,xgboost,classification,123,20,test,ROC_AUC,0.83381,fingerprint_xgboost_classification_seed-123_size-20.txt
fingerprint,xgboost,classification,123,50,validation,Accuracy,0.689577,fingerprint_xgboost_classification_seed-123_size-50.txt
fingerprint,xgboost,classification,123,50,validation,Precision,0.718702,fingerprint_xgboost_classification_seed-123_size-50.txt
fingerprint,xgboost,classification,123,50,validation,Recall,0.670029,fingerprint_xgboost_classification_seed-123_size-50.txt
fingerprint,xgboost,classification,123,50,validation,F1,0.693512,fingerprint_xgboost_classification_seed-123_size-50.txt
fingerprint,xgboost,classification,123,50,validation,ROC_AUC,0.753825,fingerprint_xgboost_classification_seed-123_size-50.txt
fingerprint,xgboost,classification,123,50,test,Accuracy,0.665211,fingerprint_xgboost_classification_seed-123_size-50.txt
fingerprint,xgboost,classification,123,50,test,Precision,0.73064,fingerprint_xgboost_classification_seed-123_size-50.txt
fingerprint,xgboost,classification,123,50,test,Recall,0.591281,fingerprint_xgboost_classification_seed-123_size-50.txt
fingerprint,xgboost,classification,123,50,test,F1,0.653614,fingerprint_xgboost_classification_seed-123_size-50.txt
fingerprint,xgboost,classification,123,50,test,ROC_AUC,0.739045,fingerprint_xgboost_classification_seed-123_size-50.txt
fingerprint,xgboost,classification,123,500,validation,Accuracy,0.817221,fingerprint_xgboost_classification_seed-123_size-500.txt
fingerprint,xgboost,classification,123,500,validation,Precision,0.857595,fingerprint_xgboost_classification_seed-123_size-500.txt
fingerprint,xgboost,classification,123,500,validation,Recall,0.78098,fingerprint_xgboost_classification_seed-123_size-500.txt
fingerprint,xgboost,classification,123,500,validation,F1,0.817496,fingerprint_xgboost_classification_seed-123_size-500.txt
fingerprint,xgboost,classification,123,500,validation,ROC_AUC,0.904033,fingerprint_xgboost_classification_seed-123_size-500.txt
fingerprint,xgboost,classification,123,500,test,Accuracy,0.846434,fingerprint_xgboost_classification_seed-123_size-500.txt
fingerprint,xgboost,classification,123,500,test,Precision,0.865734,fingerprint_xgboost_classification_seed-123_size-500.txt
fingerprint,xgboost,classification,123,500,test,Recall,0.843324,fingerprint_xgboost_classification_seed-123_size-500.txt
fingerprint,xgboost,classification,123,500,test,F1,0.854382,fingerprint_xgboost_classification_seed-123_size-500.txt
fingerprint,xgboost,classification,123,500,test,ROC_AUC,0.924459,fingerprint_xgboost_classification_seed-123_size-500.txt
fingerprint,xgboost,classification,2137,10,validation,Accuracy,0.528287,fingerprint_xgboost_classification_seed-2137_size-10.txt
fingerprint,xgboost,classification,2137,10,validation,Precision,0.528287,fingerprint_xgboost_classification_seed-2137_size-10.txt
fingerprint,xgboost,classification,2137,10,validation,Recall,1.0,fingerprint_xgboost_classification_seed-2137_size-10.txt
fingerprint,xgboost,classification,2137,10,validation,F1,0.691345,fingerprint_xgboost_classification_seed-2137_size-10.txt
fingerprint,xgboost,classification,2137,10,validation,ROC_AUC,0.557119,fingerprint_xgboost_classification_seed-2137_size-10.txt
fingerprint,xgboost,classification,2137,10,test,Accuracy,0.439771,fingerprint_xgboost_classification_seed-2137_size-10.txt
fingerprint,xgboost,classification,2137,10,test,Precision,0.439771,fingerprint_xgboost_classification_seed-2137_size-10.txt
fingerprint,xgboost,classification,2137,10,test,Recall,1.0,fingerprint_xgboost_classification_seed-2137_size-10.txt
fingerprint,xgboost,classification,2137,10,test,F1,0.61089,fingerprint_xgboost_classification_seed-2137_size-10.txt
fingerprint,xgboost,classification,2137,10,test,ROC_AUC,0.523468,fingerprint_xgboost_classification_seed-2137_size-10.txt
fingerprint,xgboost,classification,2137,100,validation,Accuracy,0.724303,fingerprint_xgboost_classification_seed-2137_size-100.txt
fingerprint,xgboost,classification,2137,100,validation,Precision,0.754414,fingerprint_xgboost_classification_seed-2137_size-100.txt
fingerprint,xgboost,classification,2137,100,validation,Recall,0.708899,fingerprint_xgboost_classification_seed-2137_size-100.txt
fingerprint,xgboost,classification,2137,100,validation,F1,0.730949,fingerprint_xgboost_classification_seed-2137_size-100.txt
fingerprint,xgboost,classification,2137,100,validation,ROC_AUC,0.785217,fingerprint_xgboost_classification_seed-2137_size-100.txt
fingerprint,xgboost,classification,2137,100,test,Accuracy,0.745698,fingerprint_xgboost_classification_seed-2137_size-100.txt
fingerprint,xgboost,classification,2137,100,test,Precision,0.696356,fingerprint_xgboost_classification_seed-2137_size-100.txt
fingerprint,xgboost,classification,2137,100,test,Recall,0.747826,fingerprint_xgboost_classification_seed-2137_size-100.txt
fingerprint,xgboost,classification,2137,100,test,F1,0.721174,fingerprint_xgboost_classification_seed-2137_size-100.txt
fingerprint,xgboost,classification,2137,100,test,ROC_AUC,0.85534,fingerprint_xgboost_classification_seed-2137_size-100.txt
fingerprint,xgboost,classification,2137,20,validation,Accuracy,0.624701,fingerprint_xgboost_classification_seed-2137_size-20.txt
fingerprint,xgboost,classification,2137,20,validation,Precision,0.648148,fingerprint_xgboost_classification_seed-2137_size-20.txt
fingerprint,xgboost,classification,2137,20,validation,Recall,0.633484,fingerprint_xgboost_classification_seed-2137_size-20.txt
fingerprint,xgboost,classification,2137,20,validation,F1,0.640732,fingerprint_xgboost_classification_seed-2137_size-20.txt
fingerprint,xgboost,classification,2137,20,validation,ROC_AUC,0.694433,fingerprint_xgboost_classification_seed-2137_size-20.txt
fingerprint,xgboost,classification,2137,20,test,Accuracy,0.662524,fingerprint_xgboost_classification_seed-2137_size-20.txt
fingerprint,xgboost,classification,2137,20,test,Precision,0.598891,fingerprint_xgboost_classification_seed-2137_size-20.txt
fingerprint,xgboost,classification,2137,20,test,Recall,0.704348,fingerprint_xgboost_classification_seed-2137_size-20.txt
fingerprint,xgboost,classification,2137,20,test,F1,0.647353,fingerprint_xgboost_classification_seed-2137_size-20.txt
fingerprint,xgboost,classification,2137,20,test,ROC_AUC,0.743328,fingerprint_xgboost_classification_seed-2137_size-20.txt
fingerprint,xgboost,classification,2137,50,validation,Accuracy,0.623904,fingerprint_xgboost_classification_seed-2137_size-50.txt
fingerprint,xgboost,classification,2137,50,validation,Precision,0.656814,fingerprint_xgboost_classification_seed-2137_size-50.txt
fingerprint,xgboost,classification,2137,50,validation,Recall,0.603318,fingerprint_xgboost_classification_seed-2137_size-50.txt
fingerprint,xgboost,classification,2137,50,validation,F1,0.628931,fingerprint_xgboost_classification_seed-2137_size-50.txt
fingerprint,xgboost,classification,2137,50,validation,ROC_AUC,0.658086,fingerprint_xgboost_classification_seed-2137_size-50.txt
fingerprint,xgboost,classification,2137,50,test,Accuracy,0.636711,fingerprint_xgboost_classification_seed-2137_size-50.txt
fingerprint,xgboost,classification,2137,50,test,Precision,0.575188,fingerprint_xgboost_classification_seed-2137_size-50.txt
fingerprint,xgboost,classification,2137,50,test,Recall,0.665217,fingerprint_xgboost_classification_seed-2137_size-50.txt
fingerprint,xgboost,classification,2137,50,test,F1,0.616935,fingerprint_xgboost_classification_seed-2137_size-50.txt
fingerprint,xgboost,classification,2137,50,test,ROC_AUC,0.672524,fingerprint_xgboost_classification_seed-2137_size-50.txt
fingerprint,xgboost,classification,2137,500,validation,Accuracy,0.78247,fingerprint_xgboost_classification_seed-2137_size-500.txt
fingerprint,xgboost,classification,2137,500,validation,Precision,0.829392,fingerprint_xgboost_classification_seed-2137_size-500.txt
fingerprint,xgboost,classification,2137,500,validation,Recall,0.740573,fingerprint_xgboost_classification_seed-2137_size-500.txt
fingerprint,xgboost,classification,2137,500,validation,F1,0.78247,fingerprint_xgboost_classification_seed-2137_size-500.txt
fingerprint,xgboost,classification,2137,500,validation,ROC_AUC,0.848178,fingerprint_xgboost_classification_seed-2137_size-500.txt
fingerprint,xgboost,classification,2137,500,test,Accuracy,0.833652,fingerprint_xgboost_classification_seed-2137_size-500.txt
fingerprint,xgboost,classification,2137,500,test,Precision,0.795455,fingerprint_xgboost_classification_seed-2137_size-500.txt
fingerprint,xgboost,classification,2137,500,test,Recall,0.836957,fingerprint_xgboost_classification_seed-2137_size-500.txt
fingerprint,xgboost,classification,2137,500,test,F1,0.815678,fingerprint_xgboost_classification_seed-2137_size-500.txt
fingerprint,xgboost,classification,2137,500,test,ROC_AUC,0.903532,fingerprint_xgboost_classification_seed-2137_size-500.txt
fingerprint,xgboost,classification,42,10,validation,Accuracy,0.713682,fingerprint_xgboost_classification_seed-42_size-10.txt
fingerprint,xgboost,classification,42,10,validation,Precision,0.9175,fingerprint_xgboost_classification_seed-42_size-10.txt
fingerprint,xgboost,classification,42,10,validation,Recall,0.545319,fingerprint_xgboost_classification_seed-42_size-10.txt
fingerprint,xgboost,classification,42,10,validation,F1,0.684063,fingerprint_xgboost_classification_seed-42_size-10.txt
fingerprint,xgboost,classification,42,10,validation,ROC_AUC,0.74037,fingerprint_xgboost_classification_seed-42_size-10.txt
fingerprint,xgboost,classification,42,10,test,Accuracy,0.666354,fingerprint_xgboost_classification_seed-42_size-10.txt
fingerprint,xgboost,classification,42,10,test,Precision,0.872671,fingerprint_xgboost_classification_seed-42_size-10.txt
fingerprint,xgboost,classification,42,10,test,Recall,0.471477,fingerprint_xgboost_classification_seed-42_size-10.txt
fingerprint,xgboost,classification,42,10,test,F1,0.6122,fingerprint_xgboost_classification_seed-42_size-10.txt
fingerprint,xgboost,classification,42,10,test,ROC_AUC,0.692214,fingerprint_xgboost_classification_seed-42_size-10.txt
fingerprint,xgboost,classification,42,100,validation,Accuracy,0.78125,fingerprint_xgboost_classification_seed-42_size-100.txt
fingerprint,xgboost,classification,42,100,validation,Precision,0.884758,fingerprint_xgboost_classification_seed-42_size-100.txt
fingerprint,xgboost,classification,42,100,validation,Recall,0.707281,fingerprint_xgboost_classification_seed-42_size-100.txt
fingerprint,xgboost,classification,42,100,validation,F1,0.786127,fingerprint_xgboost_classification_seed-42_size-100.txt
fingerprint,xgboost,classification,42,100,validation,ROC_AUC,0.852121,fingerprint_xgboost_classification_seed-42_size-100.txt
fingerprint,xgboost,classification,42,100,test,Accuracy,0.767573,fingerprint_xgboost_classification_seed-42_size-100.txt
fingerprint,xgboost,classification,42,100,test,Precision,0.873391,fingerprint_xgboost_classification_seed-42_size-100.txt
fingerprint,xgboost,classification,42,100,test,Recall,0.682886,fingerprint_xgboost_classification_seed-42_size-100.txt
fingerprint,xgboost,classification,42,100,test,F1,0.766478,fingerprint_xgboost_classification_seed-42_size-100.txt
fingerprint,xgboost,classification,42,100,test,ROC_AUC,0.851763,fingerprint_xgboost_classification_seed-42_size-100.txt
fingerprint,xgboost,classification,42,20,validation,Accuracy,0.610642,fingerprint_xgboost_classification_seed-42_size-20.txt
fingerprint,xgboost,classification,42,20,validation,Precision,0.617778,fingerprint_xgboost_classification_seed-42_size-20.txt
fingerprint,xgboost,classification,42,20,validation,Recall,0.826152,fingerprint_xgboost_classification_seed-42_size-20.txt
fingerprint,xgboost,classification,42,20,validation,F1,0.706929,fingerprint_xgboost_classification_seed-42_size-20.txt
fingerprint,xgboost,classification,42,20,validation,ROC_AUC,0.587519,fingerprint_xgboost_classification_seed-42_size-20.txt
fingerprint,xgboost,classification,42,20,test,Accuracy,0.569822,fingerprint_xgboost_classification_seed-42_size-20.txt
fingerprint,xgboost,classification,42,20,test,Precision,0.588387,fingerprint_xgboost_classification_seed-42_size-20.txt
fingerprint,xgboost,classification,42,20,test,Recall,0.765101,fingerprint_xgboost_classification_seed-42_size-20.txt
fingerprint,xgboost,classification,42,20,test,F1,0.665208,fingerprint_xgboost_classification_seed-42_size-20.txt
fingerprint,xgboost,classification,42,20,test,ROC_AUC,0.581207,fingerprint_xgboost_classification_seed-42_size-20.txt
fingerprint,xgboost,classification,42,50,validation,Accuracy,0.747466,fingerprint_xgboost_classification_seed-42_size-50.txt
fingerprint,xgboost,classification,42,50,validation,Precision,0.792188,fingerprint_xgboost_classification_seed-42_size-50.txt
fingerprint,xgboost,classification,42,50,validation,Recall,0.753343,fingerprint_xgboost_classification_seed-42_size-50.txt
fingerprint,xgboost,classification,42,50,validation,F1,0.772277,fingerprint_xgboost_classification_seed-42_size-50.txt
fingerprint,xgboost,classification,42,50,validation,ROC_AUC,0.809131,fingerprint_xgboost_classification_seed-42_size-50.txt
fingerprint,xgboost,classification,42,50,test,Accuracy,0.705717,fingerprint_xgboost_classification_seed-42_size-50.txt
fingerprint,xgboost,classification,42,50,test,Precision,0.725962,fingerprint_xgboost_classification_seed-42_size-50.txt
fingerprint,xgboost,classification,42,50,test,Recall,0.760067,fingerprint_xgboost_classification_seed-42_size-50.txt
fingerprint,xgboost,classification,42,50,test,F1,0.742623,fingerprint_xgboost_classification_seed-42_size-50.txt
fingerprint,xgboost,classification,42,50,test,ROC_AUC,0.760037,fingerprint_xgboost_classification_seed-42_size-50.txt
fingerprint,xgboost,classification,42,500,validation,Accuracy,0.826858,fingerprint_xgboost_classification_seed-42_size-500.txt
fingerprint,xgboost,classification,42,500,validation,Precision,0.887417,fingerprint_xgboost_classification_seed-42_size-500.txt
fingerprint,xgboost,classification,42,500,validation,Recall,0.796434,fingerprint_xgboost_classification_seed-42_size-500.txt
fingerprint,xgboost,classification,42,500,validation,F1,0.839468,fingerprint_xgboost_classification_seed-42_size-500.txt
fingerprint,xgboost,classification,42,500,validation,ROC_AUC,0.893075,fingerprint_xgboost_classification_seed-42_size-500.txt
fingerprint,xgboost,classification,42,500,test,Accuracy,0.820056,fingerprint_xgboost_classification_seed-42_size-500.txt
fingerprint,xgboost,classification,42,500,test,Precision,0.869963,fingerprint_xgboost_classification_seed-42_size-500.txt
fingerprint,xgboost,classification,42,500,test,Recall,0.79698,fingerprint_xgboost_classification_seed-42_size-500.txt
fingerprint,xgboost,classification,42,500,test,F1,0.831874,fingerprint_xgboost_classification_seed-42_size-500.txt
fingerprint,xgboost,classification,42,500,test,ROC_AUC,0.882664,fingerprint_xgboost_classification_seed-42_size-500.txt
fingerprint,xgboost,regression,123,10,validation,R2,-0.297724,fingerprint_xgboost_regression_seed-123_size-10.txt
fingerprint,xgboost,regression,123,10,validation,RMSE,1.400601,fingerprint_xgboost_regression_seed-123_size-10.txt
fingerprint,xgboost,regression,123,10,validation,MAE,1.15798,fingerprint_xgboost_regression_seed-123_size-10.txt
fingerprint,xgboost,regression,123,10,test,R2,-0.310909,fingerprint_xgboost_regression_seed-123_size-10.txt
fingerprint,xgboost,regression,123,10,test,RMSE,1.396533,fingerprint_xgboost_regression_seed-123_size-10.txt
fingerprint,xgboost,regression,123,10,test,MAE,1.137182,fingerprint_xgboost_regression_seed-123_size-10.txt
fingerprint,xgboost,regression,123,100,validation,R2,0.349711,fingerprint_xgboost_regression_seed-123_size-100.txt
fingerprint,xgboost,regression,123,100,validation,RMSE,0.991463,fingerprint_xgboost_regression_seed-123_size-100.txt
fingerprint,xgboost,regression,123,100,validation,MAE,0.795942,fingerprint_xgboost_regression_seed-123_size-100.txt
fingerprint,xgboost,regression,123,100,test,R2,0.249455,fingerprint_xgboost_regression_seed-123_size-100.txt
fingerprint,xgboost,regression,123,100,test,RMSE,1.056704,fingerprint_xgboost_regression_seed-123_size-100.txt
fingerprint,xgboost,regression,123,100,test,MAE,0.818026,fingerprint_xgboost_regression_seed-123_size-100.txt
fingerprint,xgboost,regression,123,20,validation,R2,0.074871,fingerprint_xgboost_regression_seed-123_size-20.txt
fingerprint,xgboost,regression,123,20,validation,RMSE,1.182563,fingerprint_xgboost_regression_seed-123_size-20.txt
fingerprint,xgboost,regression,123,20,validation,MAE,0.948936,fingerprint_xgboost_regression_seed-123_size-20.txt
fingerprint,xgboost,regression,123,20,test,R2,0.115394,fingerprint_xgboost_regression_seed-123_size-20.txt
fingerprint,xgboost,regression,123,20,test,RMSE,1.147202,fingerprint_xgboost_regression_seed-123_size-20.txt
fingerprint,xgboost,regression,123,20,test,MAE,0.919878,fingerprint_xgboost_regression_seed-123_size-20.txt
fingerprint,xgboost,regression,123,50,validation,R2,0.254165,fingerprint_xgboost_regression_seed-123_size-50.txt
fingerprint,xgboost,regression,123,50,validation,RMSE,1.061805,fingerprint_xgboost_regression_seed-123_size-50.txt
fingerprint,xgboost,regression,123,50,validation,MAE,0.881141,fingerprint_xgboost_regression_seed-123_size-50.txt
fingerprint,xgboost,regression,123,50,test,R2,0.199397,fingerprint_xgboost_regression_seed-123_size-50.txt
fingerprint,xgboost,regression,123,50,test,RMSE,1.091374,fingerprint_xgboost_regression_seed-123_size-50.txt
fingerprint,xgboost,regression,123,50,test,MAE,0.884091,fingerprint_xgboost_regression_seed-123_size-50.txt
fingerprint,xgboost,regression,123,500,validation,R2,0.600675,fingerprint_xgboost_regression_seed-123_size-500.txt
fingerprint,xgboost,regression,123,500,validation,RMSE,0.776939,fingerprint_xgboost_regression_seed-123_size-500.txt
fingerprint,xgboost,regression,123,500,validation,MAE,0.616238,fingerprint_xgboost_regression_seed-123_size-500.txt
fingerprint,xgboost,regression,123,500,test,R2,0.56131,fingerprint_xgboost_regression_seed-123_size-500.txt
fingerprint,xgboost,regression,123,500,test,RMSE,0.807874,fingerprint_xgboost_regression_seed-123_size-500.txt
fingerprint,xgboost,regression,123,500,test,MAE,0.61055,fingerprint_xgboost_regression_seed-123_size-500.txt
fingerprint,xgboost,regression,2137,10,validation,R2,-0.12217,fingerprint_xgboost_regression_seed-2137_size-10.txt
fingerprint,xgboost,regression,2137,10,validation,RMSE,1.25764,fingerprint_xgboost_regression_seed-2137_size-10.txt
fingerprint,xgboost,regression,2137,10,validation,MAE,1.025792,fingerprint_xgboost_regression_seed-2137_size-10.txt
fingerprint,xgboost,regression,2137,10,test,R2,-0.343278,fingerprint_xgboost_regression_seed-2137_size-10.txt
fingerprint,xgboost,regression,2137,10,test,RMSE,1.398965,fingerprint_xgboost_regression_seed-2137_size-10.txt
fingerprint,xgboost,regression,2137,10,test,MAE,1.172829,fingerprint_xgboost_regression_seed-2137_size-10.txt
fingerprint,xgboost,regression,2137,100,validation,R2,0.317729,fingerprint_xgboost_regression_seed-2137_size-100.txt
fingerprint,xgboost,regression,2137,100,validation,RMSE,0.98063,fingerprint_xgboost_regression_seed-2137_size-100.txt
fingerprint,xgboost,regression,2137,100,validation,MAE,0.754341,fingerprint_xgboost_regression_seed-2137_size-100.txt
fingerprint,xgboost,regression,2137,100,test,R2,0.362069,fingerprint_xgboost_regression_seed-2137_size-100.txt
fingerprint,xgboost,regression,2137,100,test,RMSE,0.964075,fingerprint_xgboost_regression_seed-2137_size-100.txt
fingerprint,xgboost,regression,2137,100,test,MAE,0.730388,fingerprint_xgboost_regression_seed-2137_size-100.txt
fingerprint,xgboost,regression,2137,20,validation,R2,0.196773,fingerprint_xgboost_regression_seed-2137_size-20.txt
fingerprint,xgboost,regression,2137,20,validation,RMSE,1.064011,fingerprint_xgboost_regression_seed-2137_size-20.txt
fingerprint,xgboost,regression,2137,20,validation,MAE,0.859818,fingerprint_xgboost_regression_seed-2137_size-20.txt
fingerprint,xgboost,regression,2137,20,test,R2,0.249757,fingerprint_xgboost_regression_seed-2137_size-20.txt
fingerprint,xgboost,regression,2137,20,test,RMSE,1.045502,fingerprint_xgboost_regression_seed-2137_size-20.txt
fingerprint,xgboost,regression,2137,20,test,MAE,0.84226,fingerprint_xgboost_regression_seed-2137_size-20.txt
fingerprint,xgboost,regression,2137,50,validation,R2,0.224894,fingerprint_xgboost_regression_seed-2137_size-50.txt
fingerprint,xgboost,regression,2137,50,validation,RMSE,1.045219,fingerprint_xgboost_regression_seed-2137_size-50.txt
fingerprint,xgboost,regression,2137,50,validation,MAE,0.809162,fingerprint_xgboost_regression_seed-2137_size-50.txt
fingerprint,xgboost,regression,2137,50,test,R2,0.125058,fingerprint_xgboost_regression_seed-2137_size-50.txt
fingerprint,xgboost,regression,2137,50,test,RMSE,1.129051,fingerprint_xgboost_regression_seed-2137_size-50.txt
fingerprint,xgboost,regression,2137,50,test,MAE,0.880317,fingerprint_xgboost_regression_seed-2137_size-50.txt
fingerprint,xgboost,regression,2137,500,validation,R2,0.508392,fingerprint_xgboost_regression_seed-2137_size-500.txt
fingerprint,xgboost,regression,2137,500,validation,RMSE,0.832408,fingerprint_xgboost_regression_seed-2137_size-500.txt
fingerprint,xgboost,regression,2137,500,validation,MAE,0.646212,fingerprint_xgboost_regression_seed-2137_size-500.txt
fingerprint,xgboost,regression,2137,500,test,R2,0.558577,fingerprint_xgboost_regression_seed-2137_size-500.txt
fingerprint,xgboost,regression,2137,500,test,RMSE,0.801958,fingerprint_xgboost_regression_seed-2137_size-500.txt
fingerprint,xgboost,regression,2137,500,test,MAE,0.618396,fingerprint_xgboost_regression_seed-2137_size-500.txt
fingerprint,xgboost,regression,42,10,validation,R2,0.085961,fingerprint_xgboost_regression_seed-42_size-10.txt
fingerprint,xgboost,regression,42,10,validation,RMSE,1.174473,fingerprint_xgboost_regression_seed-42_size-10.txt
fingerprint,xgboost,regression,42,10,validation,MAE,0.979815,fingerprint_xgboost_regression_seed-42_size-10.txt
fingerprint,xgboost,regression,42,10,test,R2,0.069419,fingerprint_xgboost_regression_seed-42_size-10.txt
fingerprint,xgboost,regression,42,10,test,RMSE,1.18526,fingerprint_xgboost_regression_seed-42_size-10.txt
fingerprint,xgboost,regression,42,10,test,MAE,1.001634,fingerprint_xgboost_regression_seed-42_size-10.txt
fingerprint,xgboost,regression,42,100,validation,R2,0.427225,fingerprint_xgboost_regression_seed-42_size-100.txt
fingerprint,xgboost,regression,42,100,validation,RMSE,0.929721,fingerprint_xgboost_regression_seed-42_size-100.txt
fingerprint,xgboost,regression,42,100,validation,MAE,0.715415,fingerprint_xgboost_regression_seed-42_size-100.txt
fingerprint,xgboost,regression,42,100,test,R2,0.335673,fingerprint_xgboost_regression_seed-42_size-100.txt
fingerprint,xgboost,regression,42,100,test,RMSE,1.001446,fingerprint_xgboost_regression_seed-42_size-100.txt
fingerprint,xgboost,regression,42,100,test,MAE,0.794378,fingerprint_xgboost_regression_seed-42_size-100.txt
fingerprint,xgboost,regression,42,20,validation,R2,0.304392,fingerprint_xgboost_regression_seed-42_size-20.txt
fingerprint,xgboost,regression,42,20,validation,RMSE,1.024573,fingerprint_xgboost_regression_seed-42_size-20.txt
fingerprint,xgboost,regression,42,20,validation,MAE,0.761437,fingerprint_xgboost_regression_seed-42_size-20.txt
fingerprint,xgboost,regression,42,20,test,R2,0.212351,fingerprint_xgboost_regression_seed-42_size-20.txt
fingerprint,xgboost,regression,42,20,test,RMSE,1.090443,fingerprint_xgboost_regression_seed-42_size-20.txt
fingerprint,xgboost,regression,42,20,test,MAE,0.839688,fingerprint_xgboost_regression_seed-42_size-20.txt
fingerprint,xgboost,regression,42,50,validation,R2,0.315678,fingerprint_xgboost_regression_seed-42_size-50.txt
fingerprint,xgboost,regression,42,50,validation,RMSE,1.016227,fingerprint_xgboost_regression_seed-42_size-50.txt
fingerprint,xgboost,regression,42,50,validation,MAE,0.77945,fingerprint_xgboost_regression_seed-42_size-50.txt
fingerprint,xgboost,regression,42,50,test,R2,0.258013,fingerprint_xgboost_regression_seed-42_size-50.txt
fingerprint,xgboost,regression,42,50,test,RMSE,1.058363,fingerprint_xgboost_regression_seed-42_size-50.txt
fingerprint,xgboost,regression,42,50,test,MAE,0.81562,fingerprint_xgboost_regression_seed-42_size-50.txt
fingerprint,xgboost,regression,42,500,validation,R2,0.540631,fingerprint_xgboost_regression_seed-42_size-500.txt
fingerprint,xgboost,regression,42,500,validation,RMSE,0.832609,fingerprint_xgboost_regression_seed-42_size-500.txt
fingerprint,xgboost,regression,42,500,validation,MAE,0.620068,fingerprint_xgboost_regression_seed-42_size-500.txt
fingerprint,xgboost,regression,42,500,test,R2,0.490627,fingerprint_xgboost_regression_seed-42_size-500.txt
fingerprint,xgboost,regression,42,500,test,RMSE,0.876909,fingerprint_xgboost_regression_seed-42_size-500.txt
fingerprint,xgboost,regression,42,500,test,MAE,0.648569,fingerprint_xgboost_regression_seed-42_size-500.txt
gnn,mlp,classification,123,10,validation,Accuracy,0.648036,gnn_mlp_classification_seed-123_size-10.txt
gnn,mlp,classification,123,10,validation,Precision,0.655313,gnn_mlp_classification_seed-123_size-10.txt
gnn,mlp,classification,123,10,validation,Recall,0.693084,gnn_mlp_classification_seed-123_size-10.txt
gnn,mlp,classification,123,10,validation,F1,0.673669,gnn_mlp_classification_seed-123_size-10.txt
gnn,mlp,classification,123,10,validation,ROC_AUC,0.680975,gnn_mlp_classification_seed-123_size-10.txt
gnn,mlp,classification,123,10,test,Accuracy,0.725619,gnn_mlp_classification_seed-123_size-10.txt
gnn,mlp,classification,123,10,test,Precision,0.73456,gnn_mlp_classification_seed-123_size-10.txt
gnn,mlp,classification,123,10,test,Recall,0.76158,gnn_mlp_classification_seed-123_size-10.txt
gnn,mlp,classification,123,10,test,F1,0.747826,gnn_mlp_classification_seed-123_size-10.txt
gnn,mlp,classification,123,10,test,ROC_AUC,0.783649,gnn_mlp_classification_seed-123_size-10.txt
gnn,mlp,classification,123,100,validation,Accuracy,0.61858,gnn_mlp_classification_seed-123_size-100.txt
gnn,mlp,classification,123,100,validation,Precision,0.592195,gnn_mlp_classification_seed-123_size-100.txt
gnn,mlp,classification,123,100,validation,Recall,0.87464,gnn_mlp_classification_seed-123_size-100.txt
gnn,mlp,classification,123,100,validation,F1,0.706225,gnn_mlp_classification_seed-123_size-100.txt
gnn,mlp,classification,123,100,validation,ROC_AUC,0.668261,gnn_mlp_classification_seed-123_size-100.txt
gnn,mlp,classification,123,100,test,Accuracy,0.701601,gnn_mlp_classification_seed-123_size-100.txt
gnn,mlp,classification,123,100,test,Precision,0.657895,gnn_mlp_classification_seed-123_size-100.txt
gnn,mlp,classification,123,100,test,Recall,0.919619,gnn_mlp_classification_seed-123_size-100.txt
gnn,mlp,classification,123,100,test,F1,0.767045,gnn_mlp_classification_seed-123_size-100.txt
gnn,mlp,classification,123,100,test,ROC_AUC,0.790414,gnn_mlp_classification_seed-123_size-100.txt
gnn,mlp,classification,123,20,validation,Accuracy,0.629909,gnn_mlp_classification_seed-123_size-20.txt
gnn,mlp,classification,123,20,validation,Precision,0.609677,gnn_mlp_classification_seed-123_size-20.txt
gnn,mlp,classification,123,20,validation,Recall,0.817003,gnn_mlp_classification_seed-123_size-20.txt
gnn,mlp,classification,123,20,validation,F1,0.698276,gnn_mlp_classification_seed-123_size-20.txt
gnn,mlp,classification,123,20,validation,ROC_AUC,0.721486,gnn_mlp_classification_seed-123_size-20.txt
gnn,mlp,classification,123,20,test,Accuracy,0.718341,gnn_mlp_classification_seed-123_size-20.txt
gnn,mlp,classification,123,20,test,Precision,0.684378,gnn_mlp_classification_seed-123_size-20.txt
gnn,mlp,classification,123,20,test,Recall,0.877384,gnn_mlp_classification_seed-123_size-20.txt
gnn,mlp,classification,123,20,test,F1,0.768955,gnn_mlp_classification_seed-123_size-20.txt
gnn,mlp,classification,123,20,test,ROC_AUC,0.804487,gnn_mlp_classification_seed-123_size-20.txt
gnn,mlp,classification,123,50,validation,Accuracy,0.617069,gnn_mlp_classification_seed-123_size-50.txt
gnn,mlp,classification,123,50,validation,Precision,0.587465,gnn_mlp_classification_seed-123_size-50.txt
gnn,mlp,classification,123,50,validation,Recall,0.904899,gnn_mlp_classification_seed-123_size-50.txt
gnn,mlp,classification,123,50,validation,F1,0.712422,gnn_mlp_classification_seed-123_size-50.txt
gnn,mlp,classification,123,50,validation,ROC_AUC,0.681764,gnn_mlp_classification_seed-123_size-50.txt
gnn,mlp,classification,123,50,test,Accuracy,0.699418,gnn_mlp_classification_seed-123_size-50.txt
gnn,mlp,classification,123,50,test,Precision,0.650704,gnn_mlp_classification_seed-123_size-50.txt
gnn,mlp,classification,123,50,test,Recall,0.944142,gnn_mlp_classification_seed-123_size-50.txt
gnn,mlp,classification,123,50,test,F1,0.770428,gnn_mlp_classification_seed-123_size-50.txt
gnn,mlp,classification,123,50,test,ROC_AUC,0.803798,gnn_mlp_classification_seed-123_size-50.txt
gnn,mlp,classification,123,500,validation,Accuracy,0.768882,gnn_mlp_classification_seed-123_size-500.txt
gnn,mlp,classification,123,500,validation,Precision,0.760753,gnn_mlp_classification_seed-123_size-500.txt
gnn,mlp,classification,123,500,validation,Recall,0.815562,gnn_mlp_classification_seed-123_size-500.txt
gnn,mlp,classification,123,500,validation,F1,0.787204,gnn_mlp_classification_seed-123_size-500.txt
gnn,mlp,classification,123,500,validation,ROC_AUC,0.85073,gnn_mlp_classification_seed-123_size-500.txt
gnn,mlp,classification,123,500,test,Accuracy,0.808588,gnn_mlp_classification_seed-123_size-500.txt
gnn,mlp,classification,123,500,test,Precision,0.78825,gnn_mlp_classification_seed-123_size-500.txt
gnn,mlp,classification,123,500,test,Recall,0.877384,gnn_mlp_classification_seed-123_size-500.txt
gnn,mlp,classification,123,500,test,F1,0.830432,gnn_mlp_classification_seed-123_size-500.txt
gnn,mlp,classification,123,500,test,ROC_AUC,0.899323,gnn_mlp_classification_seed-123_size-500.txt
gnn,mlp,classification,2137,10,validation,Accuracy,0.534661,gnn_mlp_classification_seed-2137_size-10.txt
gnn,mlp,classification,2137,10,validation,Precision,0.531984,gnn_mlp_classification_seed-2137_size-10.txt
gnn,mlp,classification,2137,10,validation,Recall,0.99095,gnn_mlp_classification_seed-2137_size-10.txt
gnn,mlp,classification,2137,10,validation,F1,0.692308,gnn_mlp_classification_seed-2137_size-10.txt
gnn,mlp,classification,2137,10,validation,ROC_AUC,0.547044,gnn_mlp_classification_seed-2137_size-10.txt
gnn,mlp,classification,2137,10,test,Accuracy,0.445507,gnn_mlp_classification_seed-2137_size-10.txt
gnn,mlp,classification,2137,10,test,Precision,0.441061,gnn_mlp_classification_seed-2137_size-10.txt
gnn,mlp,classification,2137,10,test,Recall,0.976087,gnn_mlp_classification_seed-2137_size-10.txt
gnn,mlp,classification,2137,10,test,F1,0.607578,gnn_mlp_classification_seed-2137_size-10.txt
gnn,mlp,classification,2137,10,test,ROC_AUC,0.50933,gnn_mlp_classification_seed-2137_size-10.txt
gnn,mlp,classification,2137,100,validation,Accuracy,0.612749,gnn_mlp_classification_seed-2137_size-100.txt
gnn,mlp,classification,2137,100,validation,Precision,0.585342,gnn_mlp_classification_seed-2137_size-100.txt
gnn,mlp,classification,2137,100,validation,Recall,0.915535,gnn_mlp_classification_seed-2137_size-100.txt
gnn,mlp,classification,2137,100,validation,F1,0.714118,gnn_mlp_classification_seed-2137_size-100.txt
gnn,mlp,classification,2137,100,validation,ROC_AUC,0.690215,gnn_mlp_classification_seed-2137_size-100.txt
gnn,mlp,classification,2137,100,test,Accuracy,0.661568,gnn_mlp_classification_seed-2137_size-100.txt
gnn,mlp,classification,2137,100,test,Precision,0.570292,gnn_mlp_classification_seed-2137_size-100.txt
gnn,mlp,classification,2137,100,test,Recall,0.934783,gnn_mlp_classification_seed-2137_size-100.txt
gnn,mlp,classification,2137,100,test,F1,0.708402,gnn_mlp_classification_seed-2137_size-100.txt
gnn,mlp,classification,2137,100,test,ROC_AUC,0.766429,gnn_mlp_classification_seed-2137_size-100.txt
gnn,mlp,classification,2137,20,validation,Accuracy,0.616733,gnn_mlp_classification_seed-2137_size-20.txt
gnn,mlp,classification,2137,20,validation,Precision,0.637048,gnn_mlp_classification_seed-2137_size-20.txt
gnn,mlp,classification,2137,20,validation,Recall,0.638009,gnn_mlp_classification_seed-2137_size-20.txt
gnn,mlp,classification,2137,20,validation,F1,0.637528,gnn_mlp_classification_seed-2137_size-20.txt
gnn,mlp,classification,2137,20,validation,ROC_AUC,0.652283,gnn_mlp_classification_seed-2137_size-20.txt
gnn,mlp,classification,2137,20,test,Accuracy,0.661568,gnn_mlp_classification_seed-2137_size-20.txt
gnn,mlp,classification,2137,20,test,Precision,0.585761,gnn_mlp_classification_seed-2137_size-20.txt
gnn,mlp,classification,2137,20,test,Recall,0.786957,gnn_mlp_classification_seed-2137_size-20.txt
gnn,mlp,classification,2137,20,test,F1,0.671614,gnn_mlp_classification_seed-2137_size-20.txt
gnn,mlp,classification,2137,20,test,ROC_AUC,0.753448,gnn_mlp_classification_seed-2137_size-20.txt
gnn,mlp,classification,2137,50,validation,Accuracy,0.612749,gnn_mlp_classification_seed-2137_size-50.txt
gnn,mlp,classification,2137,50,validation,Precision,0.629197,gnn_mlp_classification_seed-2137_size-50.txt
gnn,mlp,classification,2137,50,validation,Recall,0.650075,gnn_mlp_classification_seed-2137_size-50.txt
gnn,mlp,classification,2137,50,validation,F1,0.639466,gnn_mlp_classification_seed-2137_size-50.txt
gnn,mlp,classification,2137,50,validation,ROC_AUC,0.644014,gnn_mlp_classification_seed-2137_size-50.txt
gnn,mlp,classification,2137,50,test,Accuracy,0.66348,gnn_mlp_classification_seed-2137_size-50.txt
gnn,mlp,classification,2137,50,test,Precision,0.603448,gnn_mlp_classification_seed-2137_size-50.txt
gnn,mlp,classification,2137,50,test,Recall,0.684783,gnn_mlp_classification_seed-2137_size-50.txt
gnn,mlp,classification,2137,50,test,F1,0.641548,gnn_mlp_classification_seed-2137_size-50.txt
gnn,mlp,classification,2137,50,test,ROC_AUC,0.729572,gnn_mlp_classification_seed-2137_size-50.txt
gnn,mlp,classification,2137,500,validation,Accuracy,0.761753,gnn_mlp_classification_seed-2137_size-500.txt
gnn,mlp,classification,2137,500,validation,Precision,0.772455,gnn_mlp_classification_seed-2137_size-500.txt
gnn,mlp,classification,2137,500,validation,Recall,0.778281,gnn_mlp_classification_seed-2137_size-500.txt
gnn,mlp,classification,2137,500,validation,F1,0.775357,gnn_mlp_classification_seed-2137_size-500.txt
gnn,mlp,classification,2137,500,validation,ROC_AUC,0.833481,gnn_mlp_classification_seed-2137_size-500.txt
gnn,mlp,classification,2137,500,test,Accuracy,0.810707,gnn_mlp_classification_seed-2137_size-500.txt
gnn,mlp,classification,2137,500,test,Precision,0.764113,gnn_mlp_classification_seed-2137_size-500.txt
gnn,mlp,classification,2137,500,test,Recall,0.823913,gnn_mlp_classification_seed-2137_size-500.txt
gnn,mlp,classification,2137,500,test,F1,0.792887,gnn_mlp_classification_seed-2137_size-500.txt
gnn,mlp,classification,2137,500,test,ROC_AUC,0.877528,gnn_mlp_classification_seed-2137_size-500.txt
gnn,mlp,classification,42,10,validation,Accuracy,0.658784,gnn_mlp_classification_seed-42_size-10.txt
gnn,mlp,classification,42,10,validation,Precision,0.673997,gnn_mlp_classification_seed-42_size-10.txt
gnn,mlp,classification,42,10,validation,Recall,0.774146,gnn_mlp_classification_seed-42_size-10.txt
gnn,mlp,classification,42,10,validation,F1,0.720609,gnn_mlp_classification_seed-42_size-10.txt
gnn,mlp,classification,42,10,validation,ROC_AUC,0.709213,gnn_mlp_classification_seed-42_size-10.txt
gnn,mlp,classification,42,10,test,Accuracy,0.641987,gnn_mlp_classification_seed-42_size-10.txt
gnn,mlp,classification,42,10,test,Precision,0.657353,gnn_mlp_classification_seed-42_size-10.txt
gnn,mlp,classification,42,10,test,Recall,0.75,gnn_mlp_classification_seed-42_size-10.txt
gnn,mlp,classification,42,10,test,F1,0.700627,gnn_mlp_classification_seed-42_size-10.txt
gnn,mlp,classification,42,10,test,ROC_AUC,0.668694,gnn_mlp_classification_seed-42_size-10.txt
gnn,mlp,classification,42,100,validation,Accuracy,0.75,gnn_mlp_classification_seed-42_size-100.txt
gnn,mlp,classification,42,100,validation,Precision,0.76662,gnn_mlp_classification_seed-42_size-100.txt
gnn,mlp,classification,42,100,validation,Recall,0.805349,gnn_mlp_classification_seed-42_size-100.txt
gnn,mlp,classification,42,100,validation,F1,0.785507,gnn_mlp_classification_seed-42_size-100.txt
gnn,mlp,classification,42,100,validation,ROC_AUC,0.819403,gnn_mlp_classification_seed-42_size-100.txt
gnn,mlp,classification,42,100,test,Accuracy,0.729147,gnn_mlp_classification_seed-42_size-100.txt
gnn,mlp,classification,42,100,test,Precision,0.753719,gnn_mlp_classification_seed-42_size-100.txt
gnn,mlp,classification,42,100,test,Recall,0.765101,gnn_mlp_classification_seed-42_size-100.txt
gnn,mlp,classification,42,100,test,F1,0.759367,gnn_mlp_classification_seed-42_size-100.txt
gnn,mlp,classification,42,100,test,ROC_AUC,0.788717,gnn_mlp_classification_seed-42_size-100.txt
gnn,mlp,classification,42,20,validation,Accuracy,0.594595,gnn_mlp_classification_seed-42_size-20.txt
gnn,mlp,classification,42,20,validation,Precision,0.619283,gnn_mlp_classification_seed-42_size-20.txt
gnn,mlp,classification,42,20,validation,Recall,0.744428,gnn_mlp_classification_seed-42_size-20.txt
gnn,mlp,classification,42,20,validation,F1,0.676113,gnn_mlp_classification_seed-42_size-20.txt
gnn,mlp,classification,42,20,validation,ROC_AUC,0.635197,gnn_mlp_classification_seed-42_size-20.txt
gnn,mlp,classification,42,20,test,Accuracy,0.565136,gnn_mlp_classification_seed-42_size-20.txt
gnn,mlp,classification,42,20,test,Precision,0.593484,gnn_mlp_classification_seed-42_size-20.txt
gnn,mlp,classification,42,20,test,Recall,0.70302,gnn_mlp_classification_seed-42_size-20.txt
gnn,mlp,classification,42,20,test,F1,0.643625,gnn_mlp_classification_seed-42_size-20.txt
gnn,mlp,classification,42,20,test,ROC_AUC,0.563662,gnn_mlp_classification_seed-42_size-20.txt
gnn,mlp,classification,42,50,validation,Accuracy,0.751689,gnn_mlp_classification_seed-42_size-50.txt
gnn,mlp,classification,42,50,validation,Precision,0.732515,gnn_mlp_classification_seed-42_size-50.txt
gnn,mlp,classification,42,50,validation,Recall,0.887073,gnn_mlp_classification_seed-42_size-50.txt
gnn,mlp,classification,42,50,validation,F1,0.802419,gnn_mlp_classification_seed-42_size-50.txt
gnn,mlp,classification,42,50,validation,ROC_AUC,0.791434,gnn_mlp_classification_seed-42_size-50.txt
gnn,mlp,classification,42,50,test,Accuracy,0.740394,gnn_mlp_classification_seed-42_size-50.txt
gnn,mlp,classification,42,50,test,Precision,0.725601,gnn_mlp_classification_seed-42_size-50.txt
gnn,mlp,classification,42,50,test,Recall,0.860738,gnn_mlp_classification_seed-42_size-50.txt
gnn,mlp,classification,42,50,test,F1,0.787414,gnn_mlp_classification_seed-42_size-50.txt
gnn,mlp,classification,42,50,test,ROC_AUC,0.789292,gnn_mlp_classification_seed-42_size-50.txt
gnn,mlp,classification,42,500,validation,Accuracy,0.825169,gnn_mlp_classification_seed-42_size-500.txt
gnn,mlp,classification,42,500,validation,Precision,0.889632,gnn_mlp_classification_seed-42_size-500.txt
gnn,mlp,classification,42,500,validation,Recall,0.79049,gnn_mlp_classification_seed-42_size-500.txt
gnn,mlp,classification,42,500,validation,F1,0.837136,gnn_mlp_classification_seed-42_size-500.txt
gnn,mlp,classification,42,500,validation,ROC_AUC,0.890886,gnn_mlp_classification_seed-42_size-500.txt
gnn,mlp,classification,42,500,test,Accuracy,0.802249,gnn_mlp_classification_seed-42_size-500.txt
gnn,mlp,classification,42,500,test,Precision,0.881188,gnn_mlp_classification_seed-42_size-500.txt
gnn,mlp,classification,42,500,test,Recall,0.746644,gnn_mlp_classification_seed-42_size-500.txt
gnn,mlp,classification,42,500,test,F1,0.808356,gnn_mlp_classification_seed-42_size-500.txt
gnn,mlp,classification,42,500,test,ROC_AUC,0.889388,gnn_mlp_classification_seed-42_size-500.txt
gnn,mlp,regression,123,10,validation,R2,-11.752329,gnn_mlp_regression_seed-123_size-10.txt
gnn,mlp,regression,123,10,validation,RMSE,4.39054,gnn_mlp_regression_seed-123_size-10.txt
gnn,mlp,regression,123,10,validation,MAE,3.560911,gnn_mlp_regression_seed-123_size-10.txt
gnn,mlp,regression,123,10,test,R2,-11.570388,gnn_mlp_regression_seed-123_size-10.txt
gnn,mlp,regression,123,10,test,RMSE,4.324534,gnn_mlp_regression_seed-123_size-10.txt
gnn,mlp,regression,123,10,test,MAE,3.532797,gnn_mlp_regression_seed-123_size-10.txt
gnn,mlp,regression,123,100,validation,R2,-6.362666,gnn_mlp_regression_seed-123_size-100.txt
gnn,mlp,regression,123,100,validation,RMSE,3.336113,gnn_mlp_regression_seed-123_size-100.txt
gnn,mlp,regression,123,100,validation,MAE,2.688558,gnn_mlp_regression_seed-123_size-100.txt
gnn,mlp,regression,123,100,test,R2,-5.315805,gnn_mlp_regression_seed-123_size-100.txt
gnn,mlp,regression,123,100,test,RMSE,3.065345,gnn_mlp_regression_seed-123_size-100.txt
gnn,mlp,regression,123,100,test,MAE,2.400171,gnn_mlp_regression_seed-123_size-100.txt
gnn,mlp,regression,123,20,validation,R2,-8.012792,gnn_mlp_regression_seed-123_size-20.txt
gnn,mlp,regression,123,20,validation,RMSE,3.691075,gnn_mlp_regression_seed-123_size-20.txt
gnn,mlp,regression,123,20,validation,MAE,2.962286,gnn_mlp_regression_seed-123_size-20.txt
gnn,mlp,regression,123,20,test,R2,-8.155792,gnn_mlp_regression_seed-123_size-20.txt
gnn,mlp,regression,123,20,test,RMSE,3.690736,gnn_mlp_regression_seed-123_size-20.txt
gnn,mlp,regression,123,20,test,MAE,2.939681,gnn_mlp_regression_seed-123_size-20.txt
gnn,mlp,regression,123,50,validation,R2,-5.6018,gnn_mlp_regression_seed-123_size-50.txt
gnn,mlp,regression,123,50,validation,RMSE,3.159035,gnn_mlp_regression_seed-123_size-50.txt
gnn,mlp,regression,123,50,validation,MAE,2.520582,gnn_mlp_regression_seed-123_size-50.txt
gnn,mlp,regression,123,50,test,R2,-6.329838,gnn_mlp_regression_seed-123_size-50.txt
gnn,mlp,regression,123,50,test,RMSE,3.302267,gnn_mlp_regression_seed-123_size-50.txt
gnn,mlp,regression,123,50,test,MAE,2.590898,gnn_mlp_regression_seed-123_size-50.txt
gnn,mlp,regression,123,500,validation,R2,-1.150035,gnn_mlp_regression_seed-123_size-500.txt
gnn,mlp,regression,123,500,validation,RMSE,1.802793,gnn_mlp_regression_seed-123_size-500.txt
gnn,mlp,regression,123,500,validation,MAE,1.411798,gnn_mlp_regression_seed-123_size-500.txt
gnn,mlp,regression,123,500,test,R2,-1.816843,gnn_mlp_regression_seed-123_size-500.txt
gnn,mlp,regression,123,500,test,RMSE,2.047134,gnn_mlp_regression_seed-123_size-500.txt
gnn,mlp,regression,123,500,test,MAE,1.618348,gnn_mlp_regression_seed-123_size-500.txt
gnn,mlp,regression,2137,10,validation,R2,-16.100805,gnn_mlp_regression_seed-2137_size-10.txt
gnn,mlp,regression,2137,10,validation,RMSE,4.909477,gnn_mlp_regression_seed-2137_size-10.txt
gnn,mlp,regression,2137,10,validation,MAE,3.929107,gnn_mlp_regression_seed-2137_size-10.txt
gnn,mlp,regression,2137,10,test,R2,-16.343191,gnn_mlp_regression_seed-2137_size-10.txt
gnn,mlp,regression,2137,10,test,RMSE,5.026762,gnn_mlp_regression_seed-2137_size-10.txt
gnn,mlp,regression,2137,10,test,MAE,4.142182,gnn_mlp_regression_seed-2137_size-10.txt
gnn,mlp,regression,2137,100,validation,R2,-4.291276,gnn_mlp_regression_seed-2137_size-100.txt
gnn,mlp,regression,2137,100,validation,RMSE,2.730909,gnn_mlp_regression_seed-2137_size-100.txt
gnn,mlp,regression,2137,100,validation,MAE,2.117272,gnn_mlp_regression_seed-2137_size-100.txt
gnn,mlp,regression,2137,100,test,R2,-4.187281,gnn_mlp_regression_seed-2137_size-100.txt
gnn,mlp,regression,2137,100,test,RMSE,2.74912,gnn_mlp_regression_seed-2137_size-100.txt
gnn,mlp,regression,2137,100,test,MAE,2.140883,gnn_mlp_regression_seed-2137_size-100.txt
gnn,mlp,regression,2137,20,validation,R2,-9.975098,gnn_mlp_regression_seed-2137_size-20.txt
gnn,mlp,regression,2137,20,validation,RMSE,3.933066,gnn_mlp_regression_seed-2137_size-20.txt
gnn,mlp,regression,2137,20,validation,MAE,3.092594,gnn_mlp_regression_seed-2137_size-20.txt
gnn,mlp,regression,2137,20,test,R2,-11.543437,gnn_mlp_regression_seed-2137_size-20.txt
gnn,mlp,regression,2137,20,test,RMSE,4.27496,gnn_mlp_regression_seed-2137_size-20.txt
gnn,mlp,regression,2137,20,test,MAE,3.297701,gnn_mlp_regression_seed-2137_size-20.txt
gnn,mlp,regression,2137,50,validation,R2,-5.508972,gnn_mlp_regression_seed-2137_size-50.txt
gnn,mlp,regression,2137,50,validation,RMSE,3.028888,gnn_mlp_regression_seed-2137_size-50.txt
gnn,mlp,regression,2137,50,validation,MAE,2.419134,gnn_mlp_regression_seed-2137_size-50.txt
gnn,mlp,regression,2137,50,test,R2,-4.95378,gnn_mlp_regression_seed-2137_size-50.txt
gnn,mlp,regression,2137,50,test,RMSE,2.945237,gnn_mlp_regression_seed-2137_size-50.txt
gnn,mlp,regression,2137,50,test,MAE,2.289955,gnn_mlp_regression_seed-2137_size-50.txt
gnn,mlp,regression,2137,500,validation,R2,-1.589906,gnn_mlp_regression_seed-2137_size-500.txt
gnn,mlp,regression,2137,500,validation,RMSE,1.910596,gnn_mlp_regression_seed-2137_size-500.txt
gnn,mlp,regression,2137,500,validation,MAE,1.532916,gnn_mlp_regression_seed-2137_size-500.txt
gnn,mlp,regression,2137,500,test,R2,-1.536065,gnn_mlp_regression_seed-2137_size-500.txt
gnn,mlp,regression,2137,500,test,RMSE,1.922224,gnn_mlp_regression_seed-2137_size-500.txt
gnn,mlp,regression,2137,500,test,MAE,1.518903,gnn_mlp_regression_seed-2137_size-500.txt
gnn,mlp,regression,42,10,validation,R2,-8.38773,gnn_mlp_regression_seed-42_size-10.txt
gnn,mlp,regression,42,10,validation,RMSE,3.763923,gnn_mlp_regression_seed-42_size-10.txt
gnn,mlp,regression,42,10,validation,MAE,3.004281,gnn_mlp_regression_seed-42_size-10.txt
gnn,mlp,regression,42,10,test,R2,-8.163667,gnn_mlp_regression_seed-42_size-10.txt
gnn,mlp,regression,42,10,test,RMSE,3.719386,gnn_mlp_regression_seed-42_size-10.txt
gnn,mlp,regression,42,10,test,MAE,2.950017,gnn_mlp_regression_seed-42_size-10.txt
gnn,mlp,regression,42,100,validation,R2,-4.005594,gnn_mlp_regression_seed-42_size-100.txt
gnn,mlp,regression,42,100,validation,RMSE,2.748453,gnn_mlp_regression_seed-42_size-100.txt
gnn,mlp,regression,42,100,validation,MAE,2.189453,gnn_mlp_regression_seed-42_size-100.txt
gnn,mlp,regression,42,100,test,R2,-4.62241,gnn_mlp_regression_seed-42_size-100.txt
gnn,mlp,regression,42,100,test,RMSE,2.913384,gnn_mlp_regression_seed-42_size-100.txt
gnn,mlp,regression,42,100,test,MAE,2.320328,gnn_mlp_regression_seed-42_size-100.txt
gnn,mlp,regression,42,20,validation,R2,-8.515562,gnn_mlp_regression_seed-42_size-20.txt
gnn,mlp,regression,42,20,validation,RMSE,3.789463,gnn_mlp_regression_seed-42_size-20.txt
gnn,mlp,regression,42,20,validation,MAE,3.00719,gnn_mlp_regression_seed-42_size-20.txt
gnn,mlp,regression,42,20,test,R2,-7.971461,gnn_mlp_regression_seed-42_size-20.txt
gnn,mlp,regression,42,20,test,RMSE,3.680172,gnn_mlp_regression_seed-42_size-20.txt
gnn,mlp,regression,42,20,test,MAE,2.872813,gnn_mlp_regression_seed-42_size-20.txt
gnn,mlp,regression,42,50,validation,R2,-7.013207,gnn_mlp_regression_seed-42_size-50.txt
gnn,mlp,regression,42,50,validation,RMSE,3.477472,gnn_mlp_regression_seed-42_size-50.txt
gnn,mlp,regression,42,50,validation,MAE,2.741799,gnn_mlp_regression_seed-42_size-50.txt
gnn,mlp,regression,42,50,test,R2,-7.586362,gnn_mlp_regression_seed-42_size-50.txt
gnn,mlp,regression,42,50,test,RMSE,3.60032,gnn_mlp_regression_seed-42_size-50.txt
gnn,mlp,regression,42,50,test,MAE,2.831732,gnn_mlp_regression_seed-42_size-50.txt
gnn,mlp,regression,42,500,validation,R2,-0.955288,gnn_mlp_regression_seed-42_size-500.txt
gnn,mlp,regression,42,500,validation,RMSE,1.717773,gnn_mlp_regression_seed-42_size-500.txt
gnn,mlp,regression,42,500,validation,MAE,1.337475,gnn_mlp_regression_seed-42_size-500.txt
gnn,mlp,regression,42,500,test,R2,-1.089006,gnn_mlp_regression_seed-42_size-500.txt
gnn,mlp,regression,42,500,test,RMSE,1.77585,gnn_mlp_regression_seed-42_size-500.txt
gnn,mlp,regression,42,500,test,MAE,1.392548,gnn_mlp_regression_seed-42_size-500.txt
gnn,randomforest,classification,123,10,validation,Accuracy,0.666918,gnn_randomforest_classification_seed-123_size-10.txt
gnn,randomforest,classification,123,10,validation,Precision,0.655597,gnn_randomforest_classification_seed-123_size-10.txt
gnn,randomforest,classification,123,10,validation,Recall,0.768012,gnn_randomforest_classification_seed-123_size-10.txt
gnn,randomforest,classification,123,10,validation,F1,0.707366,gnn_randomforest_classification_seed-123_size-10.txt
gnn,randomforest,classification,123,10,validation,ROC_AUC,0.704784,gnn_randomforest_classification_seed-123_size-10.txt
gnn,randomforest,classification,123,10,test,Accuracy,0.752547,gnn_randomforest_classification_seed-123_size-10.txt
gnn,randomforest,classification,123,10,test,Precision,0.750636,gnn_randomforest_classification_seed-123_size-10.txt
gnn,randomforest,classification,123,10,test,Recall,0.803815,gnn_randomforest_classification_seed-123_size-10.txt
gnn,randomforest,classification,123,10,test,F1,0.776316,gnn_randomforest_classification_seed-123_size-10.txt
gnn,randomforest,classification,123,10,test,ROC_AUC,0.801786,gnn_randomforest_classification_seed-123_size-10.txt
gnn,randomforest,classification,123,100,validation,Accuracy,0.699396,gnn_randomforest_classification_seed-123_size-100.txt
gnn,randomforest,classification,123,100,validation,Precision,0.73053,gnn_randomforest_classification_seed-123_size-100.txt
gnn,randomforest,classification,123,100,validation,Recall,0.675793,gnn_randomforest_classification_seed-123_size-100.txt
gnn,randomforest,classification,123,100,validation,F1,0.702096,gnn_randomforest_classification_seed-123_size-100.txt
gnn,randomforest,classification,123,100,validation,ROC_AUC,0.750977,gnn_randomforest_classification_seed-123_size-100.txt
gnn,randomforest,classification,123,100,test,Accuracy,0.749636,gnn_randomforest_classification_seed-123_size-100.txt
gnn,randomforest,classification,123,100,test,Precision,0.762097,gnn_randomforest_classification_seed-123_size-100.txt
gnn,randomforest,classification,123,100,test,Recall,0.77248,gnn_randomforest_classification_seed-123_size-100.txt
gnn,randomforest,classification,123,100,test,F1,0.767253,gnn_randomforest_classification_seed-123_size-100.txt
gnn,randomforest,classification,123,100,test,ROC_AUC,0.812593,gnn_randomforest_classification_seed-123_size-100.txt
gnn,randomforest,classification,123,20,validation,Accuracy,0.697885,gnn_randomforest_classification_seed-123_size-20.txt
gnn,randomforest,classification,123,20,validation,Precision,0.670139,gnn_randomforest_classification_seed-123_size-20.txt
gnn,randomforest,classification,123,20,validation,Recall,0.834294,gnn_randomforest_classification_seed-123_size-20.txt
gnn,randomforest,classification,123,20,validation,F1,0.743261,gnn_randomforest_classification_seed-123_size-20.txt
gnn,randomforest,classification,123,20,validation,ROC_AUC,0.760098,gnn_randomforest_classification_seed-123_size-20.txt
gnn,randomforest,classification,123,20,test,Accuracy,0.783115,gnn_randomforest_classification_seed-123_size-20.txt
gnn,randomforest,classification,123,20,test,Precision,0.750575,gnn_randomforest_classification_seed-123_size-20.txt
gnn,randomforest,classification,123,20,test,Recall,0.889646,gnn_randomforest_classification_seed-123_size-20.txt
gnn,randomforest,classification,123,20,test,F1,0.814214,gnn_randomforest_classification_seed-123_size-20.txt
gnn,randomforest,classification,123,20,test,ROC_AUC,0.848174,gnn_randomforest_classification_seed-123_size-20.txt
gnn,randomforest,classification,123,50,validation,Accuracy,0.71148,gnn_randomforest_classification_seed-123_size-50.txt
gnn,randomforest,classification,123,50,validation,Precision,0.707447,gnn_randomforest_classification_seed-123_size-50.txt
gnn,randomforest,classification,123,50,validation,Recall,0.766571,gnn_randomforest_classification_seed-123_size-50.txt
gnn,randomforest,classification,123,50,validation,F1,0.735823,gnn_randomforest_classification_seed-123_size-50.txt
gnn,randomforest,classification,123,50,validation,ROC_AUC,0.777005,gnn_randomforest_classification_seed-123_size-50.txt
gnn,randomforest,classification,123,50,test,Accuracy,0.772198,gnn_randomforest_classification_seed-123_size-50.txt
gnn,randomforest,classification,123,50,test,Precision,0.758918,gnn_randomforest_classification_seed-123_size-50.txt
gnn,randomforest,classification,123,50,test,Recall,0.840599,gnn_randomforest_classification_seed-123_size-50.txt
gnn,randomforest,classification,123,50,test,F1,0.797673,gnn_randomforest_classification_seed-123_size-50.txt
gnn,randomforest,classification,123,50,test,ROC_AUC,0.843815,gnn_randomforest_classification_seed-123_size-50.txt
gnn,randomforest,classification,123,500,validation,Accuracy,0.799094,gnn_randomforest_classification_seed-123_size-500.txt
gnn,randomforest,classification,123,500,validation,Precision,0.838608,gnn_randomforest_classification_seed-123_size-500.txt
gnn,randomforest,classification,123,500,validation,Recall,0.763689,gnn_randomforest_classification_seed-123_size-500.txt
gnn,randomforest,classification,123,500,validation,F1,0.799397,gnn_randomforest_classification_seed-123_size-500.txt
gnn,randomforest,classification,123,500,validation,ROC_AUC,0.853486,gnn_randomforest_classification_seed-123_size-500.txt
gnn,randomforest,classification,123,500,test,Accuracy,0.826055,gnn_randomforest_classification_seed-123_size-500.txt
gnn,randomforest,classification,123,500,test,Precision,0.835821,gnn_randomforest_classification_seed-123_size-500.txt
gnn,randomforest,classification,123,500,test,Recall,0.839237,gnn_randomforest_classification_seed-123_size-500.txt
gnn,randomforest,classification,123,500,test,F1,0.837525,gnn_randomforest_classification_seed-123_size-500.txt
gnn,randomforest,classification,123,500,test,ROC_AUC,0.898466,gnn_randomforest_classification_seed-123_size-500.txt
gnn,randomforest,classification,2137,10,validation,Accuracy,0.645418,gnn_randomforest_classification_seed-2137_size-10.txt
gnn,randomforest,classification,2137,10,validation,Precision,0.607283,gnn_randomforest_classification_seed-2137_size-10.txt
gnn,randomforest,classification,2137,10,validation,Recall,0.930618,gnn_randomforest_classification_seed-2137_size-10.txt
gnn,randomforest,classification,2137,10,validation,F1,0.734961,gnn_randomforest_classification_seed-2137_size-10.txt
gnn,randomforest,classification,2137,10,validation,ROC_AUC,0.726769,gnn_randomforest_classification_seed-2137_size-10.txt
gnn,randomforest,classification,2137,10,test,Accuracy,0.530593,gnn_randomforest_classification_seed-2137_size-10.txt
gnn,randomforest,classification,2137,10,test,Precision,0.482122,gnn_randomforest_classification_seed-2137_size-10.txt
gnn,randomforest,classification,2137,10,test,Recall,0.908696,gnn_randomforest_classification_seed-2137_size-10.txt
gnn,randomforest,classification,2137,10,test,F1,0.629992,gnn_randomforest_classification_seed-2137_size-10.txt
gnn,randomforest,classification,2137,10,test,ROC_AUC,0.663075,gnn_randomforest_classification_seed-2137_size-10.txt
gnn,randomforest,classification,2137,100,validation,Accuracy,0.70996,gnn_randomforest_classification_seed-2137_size-100.txt
gnn,randomforest,classification,2137,100,validation,Precision,0.731783,gnn_randomforest_classification_seed-2137_size-100.txt
gnn,randomforest,classification,2137,100,validation,Recall,0.711916,gnn_randomforest_classification_seed-2137_size-100.txt
gnn,randomforest,classification,2137,100,validation,F1,0.721713,gnn_randomforest_classification_seed-2137_size-100.txt
gnn,randomforest,classification,2137,100,validation,ROC_AUC,0.776399,gnn_randomforest_classification_seed-2137_size-100.txt
gnn,randomforest,classification,2137,100,test,Accuracy,0.75717,gnn_randomforest_classification_seed-2137_size-100.txt
gnn,randomforest,classification,2137,100,test,Precision,0.692164,gnn_randomforest_classification_seed-2137_size-100.txt
gnn,randomforest,classification,2137,100,test,Recall,0.806522,gnn_randomforest_classification_seed-2137_size-100.txt
gnn,randomforest,classification,2137,100,test,F1,0.74498,gnn_randomforest_classification_seed-2137_size-100.txt
gnn,randomforest,classification,2137,100,test,ROC_AUC,0.828203,gnn_randomforest_classification_seed-2137_size-100.txt
gnn,randomforest,classification,2137,20,validation,Accuracy,0.673307,gnn_randomforest_classification_seed-2137_size-20.txt
gnn,randomforest,classification,2137,20,validation,Precision,0.734694,gnn_randomforest_classification_seed-2137_size-20.txt
gnn,randomforest,classification,2137,20,validation,Recall,0.597285,gnn_randomforest_classification_seed-2137_size-20.txt
gnn,randomforest,classification,2137,20,validation,F1,0.658902,gnn_randomforest_classification_seed-2137_size-20.txt
gnn,randomforest,classification,2137,20,validation,ROC_AUC,0.747899,gnn_randomforest_classification_seed-2137_size-20.txt
gnn,randomforest,classification,2137,20,test,Accuracy,0.6587,gnn_randomforest_classification_seed-2137_size-20.txt
gnn,randomforest,classification,2137,20,test,Precision,0.605749,gnn_randomforest_classification_seed-2137_size-20.txt
gnn,randomforest,classification,2137,20,test,Recall,0.641304,gnn_randomforest_classification_seed-2137_size-20.txt
gnn,randomforest,classification,2137,20,test,F1,0.62302,gnn_randomforest_classification_seed-2137_size-20.txt
gnn,randomforest,classification,2137,20,test,ROC_AUC,0.725234,gnn_randomforest_classification_seed-2137_size-20.txt
gnn,randomforest,classification,2137,50,validation,Accuracy,0.705179,gnn_randomforest_classification_seed-2137_size-50.txt
gnn,randomforest,classification,2137,50,validation,Precision,0.7114,gnn_randomforest_classification_seed-2137_size-50.txt
gnn,randomforest,classification,2137,50,validation,Recall,0.74359,gnn_randomforest_classification_seed-2137_size-50.txt
gnn,randomforest,classification,2137,50,validation,F1,0.727139,gnn_randomforest_classification_seed-2137_size-50.txt
gnn,randomforest,classification,2137,50,validation,ROC_AUC,0.74972,gnn_randomforest_classification_seed-2137_size-50.txt
gnn,randomforest,classification,2137,50,test,Accuracy,0.705545,gnn_randomforest_classification_seed-2137_size-50.txt
gnn,randomforest,classification,2137,50,test,Precision,0.633803,gnn_randomforest_classification_seed-2137_size-50.txt
gnn,randomforest,classification,2137,50,test,Recall,0.782609,gnn_randomforest_classification_seed-2137_size-50.txt
gnn,randomforest,classification,2137,50,test,F1,0.700389,gnn_randomforest_classification_seed-2137_size-50.txt
gnn,randomforest,classification,2137,50,test,ROC_AUC,0.75941,gnn_randomforest_classification_seed-2137_size-50.txt
gnn,randomforest,classification,2137,500,validation,Accuracy,0.765737,gnn_randomforest_classification_seed-2137_size-500.txt
gnn,randomforest,classification,2137,500,validation,Precision,0.775785,gnn_randomforest_classification_seed-2137_size-500.txt
gnn,randomforest,classification,2137,500,validation,Recall,0.782805,gnn_randomforest_classification_seed-2137_size-500.txt
gnn,randomforest,classification,2137,500,validation,F1,0.779279,gnn_randomforest_classification_seed-2137_size-500.txt
gnn,randomforest,classification,2137,500,validation,ROC_AUC,0.843029,gnn_randomforest_classification_seed-2137_size-500.txt
gnn,randomforest,classification,2137,500,test,Accuracy,0.793499,gnn_randomforest_classification_seed-2137_size-500.txt
gnn,randomforest,classification,2137,500,test,Precision,0.738281,gnn_randomforest_classification_seed-2137_size-500.txt
gnn,randomforest,classification,2137,500,test,Recall,0.821739,gnn_randomforest_classification_seed-2137_size-500.txt
gnn,randomforest,classification,2137,500,test,F1,0.777778,gnn_randomforest_classification_seed-2137_size-500.txt
gnn,randomforest,classification,2137,500,test,ROC_AUC,0.885233,gnn_randomforest_classification_seed-2137_size-500.txt
gnn,randomforest,classification,42,10,validation,Accuracy,0.634291,gnn_randomforest_classification_seed-42_size-10.txt
gnn,randomforest,classification,42,10,validation,Precision,0.707612,gnn_randomforest_classification_seed-42_size-10.txt
gnn,randomforest,classification,42,10,validation,Recall,0.607727,gnn_randomforest_classification_seed-42_size-10.txt
gnn,randomforest,classification,42,10,validation,F1,0.653877,gnn_randomforest_classification_seed-42_size-10.txt
gnn,randomforest,classification,42,10,validation,ROC_AUC,0.707563,gnn_randomforest_classification_seed-42_size-10.txt
gnn,randomforest,classification,42,10,test,Accuracy,0.588566,gnn_randomforest_classification_seed-42_size-10.txt
gnn,randomforest,classification,42,10,test,Precision,0.669546,gnn_randomforest_classification_seed-42_size-10.txt
gnn,randomforest,classification,42,10,test,Recall,0.520134,gnn_randomforest_classification_seed-42_size-10.txt
gnn,randomforest,classification,42,10,test,F1,0.585458,gnn_randomforest_classification_seed-42_size-10.txt
gnn,randomforest,classification,42,10,test,ROC_AUC,0.677457,gnn_randomforest_classification_seed-42_size-10.txt
gnn,randomforest,classification,42,100,validation,Accuracy,0.755068,gnn_randomforest_classification_seed-42_size-100.txt
gnn,randomforest,classification,42,100,validation,Precision,0.778748,gnn_randomforest_classification_seed-42_size-100.txt
gnn,randomforest,classification,42,100,validation,Recall,0.794948,gnn_randomforest_classification_seed-42_size-100.txt
gnn,randomforest,classification,42,100,validation,F1,0.786765,gnn_randomforest_classification_seed-42_size-100.txt
gnn,randomforest,classification,42,100,validation,ROC_AUC,0.832694,gnn_randomforest_classification_seed-42_size-100.txt
gnn,randomforest,classification,42,100,test,Accuracy,0.740394,gnn_randomforest_classification_seed-42_size-100.txt
gnn,randomforest,classification,42,100,test,Precision,0.761905,gnn_randomforest_classification_seed-42_size-100.txt
gnn,randomforest,classification,42,100,test,Recall,0.778523,gnn_randomforest_classification_seed-42_size-100.txt
gnn,randomforest,classification,42,100,test,F1,0.770124,gnn_randomforest_classification_seed-42_size-100.txt
gnn,randomforest,classification,42,100,test,ROC_AUC,0.809507,gnn_randomforest_classification_seed-42_size-100.txt
gnn,randomforest,classification,42,20,validation,Accuracy,0.608108,gnn_randomforest_classification_seed-42_size-20.txt
gnn,randomforest,classification,42,20,validation,Precision,0.62137,gnn_randomforest_classification_seed-42_size-20.txt
gnn,randomforest,classification,42,20,validation,Recall,0.794948,gnn_randomforest_classification_seed-42_size-20.txt
gnn,randomforest,classification,42,20,validation,F1,0.697523,gnn_randomforest_classification_seed-42_size-20.txt
gnn,randomforest,classification,42,20,validation,ROC_AUC,0.698505,gnn_randomforest_classification_seed-42_size-20.txt
gnn,randomforest,classification,42,20,test,Accuracy,0.614808,gnn_randomforest_classification_seed-42_size-20.txt
gnn,randomforest,classification,42,20,test,Precision,0.628294,gnn_randomforest_classification_seed-42_size-20.txt
gnn,randomforest,classification,42,20,test,Recall,0.760067,gnn_randomforest_classification_seed-42_size-20.txt
gnn,randomforest,classification,42,20,test,F1,0.687927,gnn_randomforest_classification_seed-42_size-20.txt
gnn,randomforest,classification,42,20,test,ROC_AUC,0.65534,gnn_randomforest_classification_seed-42_size-20.txt
gnn,randomforest,classification,42,50,validation,Accuracy,0.740709,gnn_randomforest_classification_seed-42_size-50.txt
gnn,randomforest,classification,42,50,validation,Precision,0.729899,gnn_randomforest_classification_seed-42_size-50.txt
gnn,randomforest,classification,42,50,validation,Recall,0.863299,gnn_randomforest_classification_seed-42_size-50.txt
gnn,randomforest,classification,42,50,validation,F1,0.791014,gnn_randomforest_classification_seed-42_size-50.txt
gnn,randomforest,classification,42,50,validation,ROC_AUC,0.797143,gnn_randomforest_classification_seed-42_size-50.txt
gnn,randomforest,classification,42,50,test,Accuracy,0.706654,gnn_randomforest_classification_seed-42_size-50.txt
gnn,randomforest,classification,42,50,test,Precision,0.70128,gnn_randomforest_classification_seed-42_size-50.txt
gnn,randomforest,classification,42,50,test,Recall,0.827181,gnn_randomforest_classification_seed-42_size-50.txt
gnn,randomforest,classification,42,50,test,F1,0.759045,gnn_randomforest_classification_seed-42_size-50.txt
gnn,randomforest,classification,42,50,test,ROC_AUC,0.770836,gnn_randomforest_classification_seed-42_size-50.txt
gnn,randomforest,classification,42,500,validation,Accuracy,0.819257,gnn_randomforest_classification_seed-42_size-500.txt
gnn,randomforest,classification,42,500,validation,Precision,0.806409,gnn_randomforest_classification_seed-42_size-500.txt
gnn,randomforest,classification,42,500,validation,Recall,0.897474,gnn_randomforest_classification_seed-42_size-500.txt
gnn,randomforest,classification,42,500,validation,F1,0.849508,gnn_randomforest_classification_seed-42_size-500.txt
gnn,randomforest,classification,42,500,validation,ROC_AUC,0.90841,gnn_randomforest_classification_seed-42_size-500.txt
gnn,randomforest,classification,42,500,test,Accuracy,0.7985,gnn_randomforest_classification_seed-42_size-500.txt
gnn,randomforest,classification,42,500,test,Precision,0.775687,gnn_randomforest_classification_seed-42_size-500.txt
gnn,randomforest,classification,42,500,test,Recall,0.899329,gnn_randomforest_classification_seed-42_size-500.txt
gnn,randomforest,classification,42,500,test,F1,0.832945,gnn_randomforest_classification_seed-42_size-500.txt
gnn,randomforest,classification,42,500,test,ROC_AUC,0.892676,gnn_randomforest_classification_seed-42_size-500.txt
gnn,randomforest,regression,123,10,validation,R2,0.149927,gnn_randomforest_regression_seed-123_size-10.txt
gnn,randomforest,regression,123,10,validation,RMSE,1.133577,gnn_randomforest_regression_seed-123_size-10.txt
gnn,randomforest,regression,123,10,validation,MAE,0.933368,gnn_randomforest_regression_seed-123_size-10.txt
gnn,randomforest,regression,123,10,test,R2,0.173068,gnn_randomforest_regression_seed-123_size-10.txt
gnn,randomforest,regression,123,10,test,RMSE,1.109174,gnn_randomforest_regression_seed-123_size-10.txt
gnn,randomforest,regression,123,10,test,MAE,0.894755,gnn_randomforest_regression_seed-123_size-10.txt
gnn,randomforest,regression,123,100,validation,R2,0.289586,gnn_randomforest_regression_seed-123_size-100.txt
gnn,randomforest,regression,123,100,validation,RMSE,1.036285,gnn_randomforest_regression_seed-123_size-100.txt
gnn,randomforest,regression,123,100,validation,MAE,0.853435,gnn_randomforest_regression_seed-123_size-100.txt
gnn,randomforest,regression,123,100,test,R2,0.306319,gnn_randomforest_regression_seed-123_size-100.txt
gnn,randomforest,regression,123,100,test,RMSE,1.015886,gnn_randomforest_regression_seed-123_size-100.txt
gnn,randomforest,regression,123,100,test,MAE,0.81492,gnn_randomforest_regression_seed-123_size-100.txt
gnn,randomforest,regression,123,20,validation,R2,0.196496,gnn_randomforest_regression_seed-123_size-20.txt
gnn,randomforest,regression,123,20,validation,RMSE,1.10209,gnn_randomforest_regression_seed-123_size-20.txt
gnn,randomforest,regression,123,20,validation,MAE,0.905779,gnn_randomforest_regression_seed-123_size-20.txt
gnn,randomforest,regression,123,20,test,R2,0.233192,gnn_randomforest_regression_seed-123_size-20.txt
gnn,randomforest,regression,123,20,test,RMSE,1.068091,gnn_randomforest_regression_seed-123_size-20.txt
gnn,randomforest,regression,123,20,test,MAE,0.854545,gnn_randomforest_regression_seed-123_size-20.txt
gnn,randomforest,regression,123,50,validation,R2,0.292503,gnn_randomforest_regression_seed-123_size-50.txt
gnn,randomforest,regression,123,50,validation,RMSE,1.034154,gnn_randomforest_regression_seed-123_size-50.txt
gnn,randomforest,regression,123,50,validation,MAE,0.838988,gnn_randomforest_regression_seed-123_size-50.txt
gnn,randomforest,regression,123,50,test,R2,0.363083,gnn_randomforest_regression_seed-123_size-50.txt
gnn,randomforest,regression,123,50,test,RMSE,0.973433,gnn_randomforest_regression_seed-123_size-50.txt
gnn,randomforest,regression,123,50,test,MAE,0.765502,gnn_randomforest_regression_seed-123_size-50.txt
gnn,randomforest,regression,123,500,validation,R2,0.461574,gnn_randomforest_regression_seed-123_size-500.txt
gnn,randomforest,regression,123,500,validation,RMSE,0.902166,gnn_randomforest_regression_seed-123_size-500.txt
gnn,randomforest,regression,123,500,validation,MAE,0.712611,gnn_randomforest_regression_seed-123_size-500.txt
gnn,randomforest,regression,123,500,test,R2,0.487664,gnn_randomforest_regression_seed-123_size-500.txt
gnn,randomforest,regression,123,500,test,RMSE,0.873057,gnn_randomforest_regression_seed-123_size-500.txt
gnn,randomforest,regression,123,500,test,MAE,0.669728,gnn_randomforest_regression_seed-123_size-500.txt
gnn,randomforest,regression,2137,10,validation,R2,-0.097733,gnn_randomforest_regression_seed-2137_size-10.txt
gnn,randomforest,regression,2137,10,validation,RMSE,1.243871,gnn_randomforest_regression_seed-2137_size-10.txt
gnn,randomforest,regression,2137,10,validation,MAE,1.017979,gnn_randomforest_regression_seed-2137_size-10.txt
gnn,randomforest,regression,2137,10,test,R2,-0.209046,gnn_randomforest_regression_seed-2137_size-10.txt
gnn,randomforest,regression,2137,10,test,RMSE,1.327227,gnn_randomforest_regression_seed-2137_size-10.txt
gnn,randomforest,regression,2137,10,test,MAE,1.114922,gnn_randomforest_regression_seed-2137_size-10.txt
gnn,randomforest,regression,2137,100,validation,R2,0.288802,gnn_randomforest_regression_seed-2137_size-100.txt
gnn,randomforest,regression,2137,100,validation,RMSE,1.001203,gnn_randomforest_regression_seed-2137_size-100.txt
gnn,randomforest,regression,2137,100,validation,MAE,0.803517,gnn_randomforest_regression_seed-2137_size-100.txt
gnn,randomforest,regression,2137,100,test,R2,0.318662,gnn_randomforest_regression_seed-2137_size-100.txt
gnn,randomforest,regression,2137,100,test,RMSE,0.996334,gnn_randomforest_regression_seed-2137_size-100.txt
gnn,randomforest,regression,2137,100,test,MAE,0.785483,gnn_randomforest_regression_seed-2137_size-100.txt
gnn,randomforest,regression,2137,20,validation,R2,0.211412,gnn_randomforest_regression_seed-2137_size-20.txt
gnn,randomforest,regression,2137,20,validation,RMSE,1.05427,gnn_randomforest_regression_seed-2137_size-20.txt
gnn,randomforest,regression,2137,20,validation,MAE,0.855937,gnn_randomforest_regression_seed-2137_size-20.txt
gnn,randomforest,regression,2137,20,test,R2,0.278991,gnn_randomforest_regression_seed-2137_size-20.txt
gnn,randomforest,regression,2137,20,test,RMSE,1.02493,gnn_randomforest_regression_seed-2137_size-20.txt
gnn,randomforest,regression,2137,20,test,MAE,0.838031,gnn_randomforest_regression_seed-2137_size-20.txt
gnn,randomforest,regression,2137,50,validation,R2,0.224424,gnn_randomforest_regression_seed-2137_size-50.txt
gnn,randomforest,regression,2137,50,validation,RMSE,1.045536,gnn_randomforest_regression_seed-2137_size-50.txt
gnn,randomforest,regression,2137,50,validation,MAE,0.844301,gnn_randomforest_regression_seed-2137_size-50.txt
gnn,randomforest,regression,2137,50,test,R2,0.210761,gnn_randomforest_regression_seed-2137_size-50.txt
gnn,randomforest,regression,2137,50,test,RMSE,1.072329,gnn_randomforest_regression_seed-2137_size-50.txt
gnn,randomforest,regression,2137,50,test,MAE,0.858493,gnn_randomforest_regression_seed-2137_size-50.txt
gnn,randomforest,regression,2137,500,validation,R2,0.420792,gnn_randomforest_regression_seed-2137_size-500.txt
gnn,randomforest,regression,2137,500,validation,RMSE,0.903534,gnn_randomforest_regression_seed-2137_size-500.txt
gnn,randomforest,regression,2137,500,validation,MAE,0.72209,gnn_randomforest_regression_seed-2137_size-500.txt
gnn,randomforest,regression,2137,500,test,R2,0.451118,gnn_randomforest_regression_seed-2137_size-500.txt
gnn,randomforest,regression,2137,500,test,RMSE,0.894259,gnn_randomforest_regression_seed-2137_size-500.txt
gnn,randomforest,regression,2137,500,test,MAE,0.699121,gnn_randomforest_regression_seed-2137_size-500.txt
gnn,randomforest,regression,42,10,validation,R2,0.092108,gnn_randomforest_regression_seed-42_size-10.txt
gnn,randomforest,regression,42,10,validation,RMSE,1.170517,gnn_randomforest_regression_seed-42_size-10.txt
gnn,randomforest,regression,42,10,validation,MAE,0.966673,gnn_randomforest_regression_seed-42_size-10.txt
gnn,randomforest,regression,42,10,test,R2,0.099965,gnn_randomforest_regression_seed-42_size-10.txt
gnn,randomforest,regression,42,10,test,RMSE,1.165645,gnn_randomforest_regression_seed-42_size-10.txt
gnn,randomforest,regression,42,10,test,MAE,0.983395,gnn_randomforest_regression_seed-42_size-10.txt
gnn,randomforest,regression,42,100,validation,R2,0.386255,gnn_randomforest_regression_seed-42_size-100.txt
gnn,randomforest,regression,42,100,validation,RMSE,0.962397,gnn_randomforest_regression_seed-42_size-100.txt
gnn,randomforest,regression,42,100,validation,MAE,0.77419,gnn_randomforest_regression_seed-42_size-100.txt
gnn,randomforest,regression,42,100,test,R2,0.340866,gnn_randomforest_regression_seed-42_size-100.txt
gnn,randomforest,regression,42,100,test,RMSE,0.997524,gnn_randomforest_regression_seed-42_size-100.txt
gnn,randomforest,regression,42,100,test,MAE,0.803659,gnn_randomforest_regression_seed-42_size-100.txt
gnn,randomforest,regression,42,20,validation,R2,0.080609,gnn_randomforest_regression_seed-42_size-20.txt
gnn,randomforest,regression,42,20,validation,RMSE,1.177906,gnn_randomforest_regression_seed-42_size-20.txt
gnn,randomforest,regression,42,20,validation,MAE,0.9544,gnn_randomforest_regression_seed-42_size-20.txt
gnn,randomforest,regression,42,20,test,R2,0.004324,gnn_randomforest_regression_seed-42_size-20.txt
gnn,randomforest,regression,42,20,test,RMSE,1.226015,gnn_randomforest_regression_seed-42_size-20.txt
gnn,randomforest,regression,42,20,test,MAE,1.007835,gnn_randomforest_regression_seed-42_size-20.txt
gnn,randomforest,regression,42,50,validation,R2,0.315349,gnn_randomforest_regression_seed-42_size-50.txt
gnn,randomforest,regression,42,50,validation,RMSE,1.016471,gnn_randomforest_regression_seed-42_size-50.txt
gnn,randomforest,regression,42,50,validation,MAE,0.793574,gnn_randomforest_regression_seed-42_size-50.txt
gnn,randomforest,regression,42,50,test,R2,0.367912,gnn_randomforest_regression_seed-42_size-50.txt
gnn,randomforest,regression,42,50,test,RMSE,0.976844,gnn_randomforest_regression_seed-42_size-50.txt
gnn,randomforest,regression,42,50,test,MAE,0.77765,gnn_randomforest_regression_seed-42_size-50.txt
gnn,randomforest,regression,42,500,validation,R2,0.498208,gnn_randomforest_regression_seed-42_size-500.txt
gnn,randomforest,regression,42,500,validation,RMSE,0.870207,gnn_randomforest_regression_seed-42_size-500.txt
gnn,randomforest,regression,42,500,validation,MAE,0.680177,gnn_randomforest_regression_seed-42_size-500.txt
gnn,randomforest,regression,42,500,test,R2,0.488454,gnn_randomforest_regression_seed-42_size-500.txt
gnn,randomforest,regression,42,500,test,RMSE,0.878778,gnn_randomforest_regression_seed-42_size-500.txt
gnn,randomforest,regression,42,500,test,MAE,0.69117,gnn_randomforest_regression_seed-42_size-500.txt
gnn,svm,classification,123,10,validation,Accuracy,0.682779,gnn_svm_classification_seed-123_size-10.txt
gnn,svm,classification,123,10,validation,Precision,0.670398,gnn_svm_classification_seed-123_size-10.txt
gnn,svm,classification,123,10,validation,Recall,0.776657,gnn_svm_classification_seed-123_size-10.txt
gnn,svm,classification,123,10,validation,F1,0.719626,gnn_svm_classification_seed-123_size-10.txt
gnn,svm,classification,123,10,validation,ROC_AUC,0.742106,gnn_svm_classification_seed-123_size-10.txt
gnn,svm,classification,123,10,test,Accuracy,0.761281,gnn_svm_classification_seed-123_size-10.txt
gnn,svm,classification,123,10,test,Precision,0.747561,gnn_svm_classification_seed-123_size-10.txt
gnn,svm,classification,123,10,test,Recall,0.83515,gnn_svm_classification_seed-123_size-10.txt
gnn,svm,classification,123,10,test,F1,0.788932,gnn_svm_classification_seed-123_size-10.txt
gnn,svm,classification,123,10,test,ROC_AUC,0.819449,gnn_svm_classification_seed-123_size-10.txt
gnn,svm,classification,123,100,validation,Accuracy,0.725076,gnn_svm_classification_seed-123_size-100.txt
gnn,svm,classification,123,100,validation,Precision,0.759434,gnn_svm_classification_seed-123_size-100.txt
gnn,svm,classification,123,100,validation,Recall,0.695965,gnn_svm_classification_seed-123_size-100.txt
gnn,svm,classification,123,100,validation,F1,0.726316,gnn_svm_classification_seed-123_size-100.txt
gnn,svm,classification,123,100,validation,ROC_AUC,0.8007,gnn_svm_classification_seed-123_size-100.txt
gnn,svm,classification,123,100,test,Accuracy,0.751092,gnn_svm_classification_seed-123_size-100.txt
gnn,svm,classification,123,100,test,Precision,0.760638,gnn_svm_classification_seed-123_size-100.txt
gnn,svm,classification,123,100,test,Recall,0.779292,gnn_svm_classification_seed-123_size-100.txt
gnn,svm,classification,123,100,test,F1,0.769852,gnn_svm_classification_seed-123_size-100.txt
gnn,svm,classification,123,100,test,ROC_AUC,0.810633,gnn_svm_classification_seed-123_size-100.txt
gnn,svm,classification,123,20,validation,Accuracy,0.72432,gnn_svm_classification_seed-123_size-20.txt
gnn,svm,classification,123,20,validation,Precision,0.696535,gnn_svm_classification_seed-123_size-20.txt
gnn,svm,classification,123,20,validation,Recall,0.840058,gnn_svm_classification_seed-123_size-20.txt
gnn,svm,classification,123,20,validation,F1,0.761594,gnn_svm_classification_seed-123_size-20.txt
gnn,svm,classification,123,20,validation,ROC_AUC,0.802518,gnn_svm_classification_seed-123_size-20.txt
gnn,svm,classification,123,20,test,Accuracy,0.780932,gnn_svm_classification_seed-123_size-20.txt
gnn,svm,classification,123,20,test,Precision,0.744633,gnn_svm_classification_seed-123_size-20.txt
gnn,svm,classification,123,20,test,Recall,0.89782,gnn_svm_classification_seed-123_size-20.txt
gnn,svm,classification,123,20,test,F1,0.814083,gnn_svm_classification_seed-123_size-20.txt
gnn,svm,classification,123,20,test,ROC_AUC,0.850441,gnn_svm_classification_seed-123_size-20.txt
gnn,svm,classification,123,50,validation,Accuracy,0.707704,gnn_svm_classification_seed-123_size-50.txt
gnn,svm,classification,123,50,validation,Precision,0.697555,gnn_svm_classification_seed-123_size-50.txt
gnn,svm,classification,123,50,validation,Recall,0.78098,gnn_svm_classification_seed-123_size-50.txt
gnn,svm,classification,123,50,validation,F1,0.736914,gnn_svm_classification_seed-123_size-50.txt
gnn,svm,classification,123,50,validation,ROC_AUC,0.779143,gnn_svm_classification_seed-123_size-50.txt
gnn,svm,classification,123,50,test,Accuracy,0.749636,gnn_svm_classification_seed-123_size-50.txt
gnn,svm,classification,123,50,test,Precision,0.734375,gnn_svm_classification_seed-123_size-50.txt
gnn,svm,classification,123,50,test,Recall,0.832425,gnn_svm_classification_seed-123_size-50.txt
gnn,svm,classification,123,50,test,F1,0.780332,gnn_svm_classification_seed-123_size-50.txt
gnn,svm,classification,123,50,test,ROC_AUC,0.811278,gnn_svm_classification_seed-123_size-50.txt
gnn,svm,classification,123,500,validation,Accuracy,0.830816,gnn_svm_classification_seed-123_size-500.txt
gnn,svm,classification,123,500,validation,Precision,0.877814,gnn_svm_classification_seed-123_size-500.txt
gnn,svm,classification,123,500,validation,Recall,0.786744,gnn_svm_classification_seed-123_size-500.txt
gnn,svm,classification,123,500,validation,F1,0.829787,gnn_svm_classification_seed-123_size-500.txt
gnn,svm,classification,123,500,validation,ROC_AUC,0.89033,gnn_svm_classification_seed-123_size-500.txt
gnn,svm,classification,123,500,test,Accuracy,0.847162,gnn_svm_classification_seed-123_size-500.txt
gnn,svm,classification,123,500,test,Precision,0.873219,gnn_svm_classification_seed-123_size-500.txt
gnn,svm,classification,123,500,test,Recall,0.83515,gnn_svm_classification_seed-123_size-500.txt
gnn,svm,classification,123,500,test,F1,0.85376,gnn_svm_classification_seed-123_size-500.txt
gnn,svm,classification,123,500,test,ROC_AUC,0.915531,gnn_svm_classification_seed-123_size-500.txt
gnn,svm,classification,2137,10,validation,Accuracy,0.686853,gnn_svm_classification_seed-2137_size-10.txt
gnn,svm,classification,2137,10,validation,Precision,0.661098,gnn_svm_classification_seed-2137_size-10.txt
gnn,svm,classification,2137,10,validation,Recall,0.835596,gnn_svm_classification_seed-2137_size-10.txt
gnn,svm,classification,2137,10,validation,F1,0.738175,gnn_svm_classification_seed-2137_size-10.txt
gnn,svm,classification,2137,10,validation,ROC_AUC,0.232464,gnn_svm_classification_seed-2137_size-10.txt
gnn,svm,classification,2137,10,test,Accuracy,0.655832,gnn_svm_classification_seed-2137_size-10.txt
gnn,svm,classification,2137,10,test,Precision,0.575529,gnn_svm_classification_seed-2137_size-10.txt
gnn,svm,classification,2137,10,test,Recall,0.828261,gnn_svm_classification_seed-2137_size-10.txt
gnn,svm,classification,2137,10,test,F1,0.679144,gnn_svm_classification_seed-2137_size-10.txt
gnn,svm,classification,2137,10,test,ROC_AUC,0.258603,gnn_svm_classification_seed-2137_size-10.txt
gnn,svm,classification,2137,100,validation,Accuracy,0.694821,gnn_svm_classification_seed-2137_size-100.txt
gnn,svm,classification,2137,100,validation,Precision,0.674129,gnn_svm_classification_seed-2137_size-100.txt
gnn,svm,classification,2137,100,validation,Recall,0.817496,gnn_svm_classification_seed-2137_size-100.txt
gnn,svm,classification,2137,100,validation,F1,0.738923,gnn_svm_classification_seed-2137_size-100.txt
gnn,svm,classification,2137,100,validation,ROC_AUC,0.734199,gnn_svm_classification_seed-2137_size-100.txt
gnn,svm,classification,2137,100,test,Accuracy,0.721797,gnn_svm_classification_seed-2137_size-100.txt
gnn,svm,classification,2137,100,test,Precision,0.632238,gnn_svm_classification_seed-2137_size-100.txt
gnn,svm,classification,2137,100,test,Recall,0.878261,gnn_svm_classification_seed-2137_size-100.txt
gnn,svm,classification,2137,100,test,F1,0.735214,gnn_svm_classification_seed-2137_size-100.txt
gnn,svm,classification,2137,100,test,ROC_AUC,0.782358,gnn_svm_classification_seed-2137_size-100.txt
gnn,svm,classification,2137,20,validation,Accuracy,0.592829,gnn_svm_classification_seed-2137_size-20.txt
gnn,svm,classification,2137,20,validation,Precision,0.567019,gnn_svm_classification_seed-2137_size-20.txt
gnn,svm,classification,2137,20,validation,Recall,0.969834,gnn_svm_classification_seed-2137_size-20.txt
gnn,svm,classification,2137,20,validation,F1,0.715637,gnn_svm_classification_seed-2137_size-20.txt
gnn,svm,classification,2137,20,validation,ROC_AUC,0.298976,gnn_svm_classification_seed-2137_size-20.txt
gnn,svm,classification,2137,20,test,Accuracy,0.470363,gnn_svm_classification_seed-2137_size-20.txt
gnn,svm,classification,2137,20,test,Precision,0.452333,gnn_svm_classification_seed-2137_size-20.txt
gnn,svm,classification,2137,20,test,Recall,0.969565,gnn_svm_classification_seed-2137_size-20.txt
gnn,svm,classification,2137,20,test,F1,0.616874,gnn_svm_classification_seed-2137_size-20.txt
gnn,svm,classification,2137,20,test,ROC_AUC,0.33732,gnn_svm_classification_seed-2137_size-20.txt
gnn,svm,classification,2137,50,validation,Accuracy,0.650199,gnn_svm_classification_seed-2137_size-50.txt
gnn,svm,classification,2137,50,validation,Precision,0.614754,gnn_svm_classification_seed-2137_size-50.txt
gnn,svm,classification,2137,50,validation,Recall,0.904977,gnn_svm_classification_seed-2137_size-50.txt
gnn,svm,classification,2137,50,validation,F1,0.732154,gnn_svm_classification_seed-2137_size-50.txt
gnn,svm,classification,2137,50,validation,ROC_AUC,0.714243,gnn_svm_classification_seed-2137_size-50.txt
gnn,svm,classification,2137,50,test,Accuracy,0.672084,gnn_svm_classification_seed-2137_size-50.txt
gnn,svm,classification,2137,50,test,Precision,0.579592,gnn_svm_classification_seed-2137_size-50.txt
gnn,svm,classification,2137,50,test,Recall,0.926087,gnn_svm_classification_seed-2137_size-50.txt
gnn,svm,classification,2137,50,test,F1,0.712971,gnn_svm_classification_seed-2137_size-50.txt
gnn,svm,classification,2137,50,test,ROC_AUC,0.721127,gnn_svm_classification_seed-2137_size-50.txt
gnn,svm,classification,2137,500,validation,Accuracy,0.80239,gnn_svm_classification_seed-2137_size-500.txt
gnn,svm,classification,2137,500,validation,Precision,0.81203,gnn_svm_classification_seed-2137_size-500.txt
gnn,svm,classification,2137,500,validation,Recall,0.81448,gnn_svm_classification_seed-2137_size-500.txt
gnn,svm,classification,2137,500,validation,F1,0.813253,gnn_svm_classification_seed-2137_size-500.txt
gnn,svm,classification,2137,500,validation,ROC_AUC,0.863239,gnn_svm_classification_seed-2137_size-500.txt
gnn,svm,classification,2137,500,test,Accuracy,0.833652,gnn_svm_classification_seed-2137_size-500.txt
gnn,svm,classification,2137,500,test,Precision,0.78373,gnn_svm_classification_seed-2137_size-500.txt
gnn,svm,classification,2137,500,test,Recall,0.858696,gnn_svm_classification_seed-2137_size-500.txt
gnn,svm,classification,2137,500,test,F1,0.819502,gnn_svm_classification_seed-2137_size-500.txt
gnn,svm,classification,2137,500,test,ROC_AUC,0.910269,gnn_svm_classification_seed-2137_size-500.txt
gnn,svm,classification,42,10,validation,Accuracy,0.679899,gnn_svm_classification_seed-42_size-10.txt
gnn,svm,classification,42,10,validation,Precision,0.734076,gnn_svm_classification_seed-42_size-10.txt
gnn,svm,classification,42,10,validation,Recall,0.684993,gnn_svm_classification_seed-42_size-10.txt
gnn,svm,classification,42,10,validation,F1,0.708686,gnn_svm_classification_seed-42_size-10.txt
gnn,svm,classification,42,10,validation,ROC_AUC,0.75708,gnn_svm_classification_seed-42_size-10.txt
gnn,svm,classification,42,10,test,Accuracy,0.638238,gnn_svm_classification_seed-42_size-10.txt
gnn,svm,classification,42,10,test,Precision,0.698113,gnn_svm_classification_seed-42_size-10.txt
gnn,svm,classification,42,10,test,Recall,0.620805,gnn_svm_classification_seed-42_size-10.txt
gnn,svm,classification,42,10,test,F1,0.657194,gnn_svm_classification_seed-42_size-10.txt
gnn,svm,classification,42,10,test,ROC_AUC,0.700067,gnn_svm_classification_seed-42_size-10.txt
gnn,svm,classification,42,100,validation,Accuracy,0.755912,gnn_svm_classification_seed-42_size-100.txt
gnn,svm,classification,42,100,validation,Precision,0.730216,gnn_svm_classification_seed-42_size-100.txt
gnn,svm,classification,42,100,validation,Recall,0.904903,gnn_svm_classification_seed-42_size-100.txt
gnn,svm,classification,42,100,validation,F1,0.808228,gnn_svm_classification_seed-42_size-100.txt
gnn,svm,classification,42,100,validation,ROC_AUC,0.826998,gnn_svm_classification_seed-42_size-100.txt
gnn,svm,classification,42,100,test,Accuracy,0.716026,gnn_svm_classification_seed-42_size-100.txt
gnn,svm,classification,42,100,test,Precision,0.69404,gnn_svm_classification_seed-42_size-100.txt
gnn,svm,classification,42,100,test,Recall,0.879195,gnn_svm_classification_seed-42_size-100.txt
gnn,svm,classification,42,100,test,F1,0.775722,gnn_svm_classification_seed-42_size-100.txt
gnn,svm,classification,42,100,test,ROC_AUC,0.765697,gnn_svm_classification_seed-42_size-100.txt
gnn,svm,classification,42,20,validation,Accuracy,0.621622,gnn_svm_classification_seed-42_size-20.txt
gnn,svm,classification,42,20,validation,Precision,0.602366,gnn_svm_classification_seed-42_size-20.txt
gnn,svm,classification,42,20,validation,Recall,0.983655,gnn_svm_classification_seed-42_size-20.txt
gnn,svm,classification,42,20,validation,F1,0.747178,gnn_svm_classification_seed-42_size-20.txt
gnn,svm,classification,42,20,validation,ROC_AUC,0.32317,gnn_svm_classification_seed-42_size-20.txt
gnn,svm,classification,42,20,test,Accuracy,0.604499,gnn_svm_classification_seed-42_size-20.txt
gnn,svm,classification,42,20,test,Precision,0.588595,gnn_svm_classification_seed-42_size-20.txt
gnn,svm,classification,42,20,test,Recall,0.969799,gnn_svm_classification_seed-42_size-20.txt
gnn,svm,classification,42,20,test,F1,0.732573,gnn_svm_classification_seed-42_size-20.txt
gnn,svm,classification,42,20,test,ROC_AUC,0.393645,gnn_svm_classification_seed-42_size-20.txt
gnn,svm,classification,42,50,validation,Accuracy,0.786318,gnn_svm_classification_seed-42_size-50.txt
gnn,svm,classification,42,50,validation,Precision,0.772727,gnn_svm_classification_seed-42_size-50.txt
gnn,svm,classification,42,50,validation,Recall,0.884101,gnn_svm_classification_seed-42_size-50.txt
gnn,svm,classification,42,50,validation,F1,0.824671,gnn_svm_classification_seed-42_size-50.txt
gnn,svm,classification,42,50,validation,ROC_AUC,0.848598,gnn_svm_classification_seed-42_size-50.txt
gnn,svm,classification,42,50,test,Accuracy,0.739456,gnn_svm_classification_seed-42_size-50.txt
gnn,svm,classification,42,50,test,Precision,0.738024,gnn_svm_classification_seed-42_size-50.txt
gnn,svm,classification,42,50,test,Recall,0.827181,gnn_svm_classification_seed-42_size-50.txt
gnn,svm,classification,42,50,test,F1,0.780063,gnn_svm_classification_seed-42_size-50.txt
gnn,svm,classification,42,50,test,ROC_AUC,0.814859,gnn_svm_classification_seed-42_size-50.txt
gnn,svm,classification,42,500,validation,Accuracy,0.845439,gnn_svm_classification_seed-42_size-500.txt
gnn,svm,classification,42,500,validation,Precision,0.863501,gnn_svm_classification_seed-42_size-500.txt
gnn,svm,classification,42,500,validation,Recall,0.864785,gnn_svm_classification_seed-42_size-500.txt
gnn,svm,classification,42,500,validation,F1,0.864143,gnn_svm_classification_seed-42_size-500.txt
gnn,svm,classification,42,500,validation,ROC_AUC,0.914204,gnn_svm_classification_seed-42_size-500.txt
gnn,svm,classification,42,500,test,Accuracy,0.835989,gnn_svm_classification_seed-42_size-500.txt
gnn,svm,classification,42,500,test,Precision,0.853782,gnn_svm_classification_seed-42_size-500.txt
gnn,svm,classification,42,500,test,Recall,0.852349,gnn_svm_classification_seed-42_size-500.txt
gnn,svm,classification,42,500,test,F1,0.853065,gnn_svm_classification_seed-42_size-500.txt
gnn,svm,classification,42,500,test,ROC_AUC,0.910028,gnn_svm_classification_seed-42_size-500.txt
gnn,svm,regression,123,10,validation,R2,0.217175,gnn_svm_regression_seed-123_size-10.txt
gnn,svm,regression,123,10,validation,RMSE,1.087816,gnn_svm_regression_seed-123_size-10.txt
gnn,svm,regression,123,10,validation,MAE,0.853206,gnn_svm_regression_seed-123_size-10.txt
gnn,svm,regression,123,10,test,R2,0.182026,gnn_svm_regression_seed-123_size-10.txt
gnn,svm,regression,123,10,test,RMSE,1.10315,gnn_svm_regression_seed-123_size-10.txt
gnn,svm,regression,123,10,test,MAE,0.852524,gnn_svm_regression_seed-123_size-10.txt
gnn,svm,regression,123,100,validation,R2,0.306713,gnn_svm_regression_seed-123_size-100.txt
gnn,svm,regression,123,100,validation,RMSE,1.023717,gnn_svm_regression_seed-123_size-100.txt
gnn,svm,regression,123,100,validation,MAE,0.833242,gnn_svm_regression_seed-123_size-100.txt
gnn,svm,regression,123,100,test,R2,0.312215,gnn_svm_regression_seed-123_size-100.txt
gnn,svm,regression,123,100,test,RMSE,1.011559,gnn_svm_regression_seed-123_size-100.txt
gnn,svm,regression,123,100,test,MAE,0.803038,gnn_svm_regression_seed-123_size-100.txt
gnn,svm,regression,123,20,validation,R2,0.280386,gnn_svm_regression_seed-123_size-20.txt
gnn,svm,regression,123,20,validation,RMSE,1.042973,gnn_svm_regression_seed-123_size-20.txt
gnn,svm,regression,123,20,validation,MAE,0.841765,gnn_svm_regression_seed-123_size-20.txt
gnn,svm,regression,123,20,test,R2,0.354995,gnn_svm_regression_seed-123_size-20.txt
gnn,svm,regression,123,20,test,RMSE,0.979595,gnn_svm_regression_seed-123_size-20.txt
gnn,svm,regression,123,20,test,MAE,0.776798,gnn_svm_regression_seed-123_size-20.txt
gnn,svm,regression,123,50,validation,R2,0.306181,gnn_svm_regression_seed-123_size-50.txt
gnn,svm,regression,123,50,validation,RMSE,1.024109,gnn_svm_regression_seed-123_size-50.txt
gnn,svm,regression,123,50,validation,MAE,0.834939,gnn_svm_regression_seed-123_size-50.txt
gnn,svm,regression,123,50,test,R2,0.408085,gnn_svm_regression_seed-123_size-50.txt
gnn,svm,regression,123,50,test,RMSE,0.938414,gnn_svm_regression_seed-123_size-50.txt
gnn,svm,regression,123,50,test,MAE,0.725723,gnn_svm_regression_seed-123_size-50.txt
gnn,svm,regression,123,500,validation,R2,0.543662,gnn_svm_regression_seed-123_size-500.txt
gnn,svm,regression,123,500,validation,RMSE,0.830552,gnn_svm_regression_seed-123_size-500.txt
gnn,svm,regression,123,500,validation,MAE,0.644312,gnn_svm_regression_seed-123_size-500.txt
gnn,svm,regression,123,500,test,R2,0.562534,gnn_svm_regression_seed-123_size-500.txt
gnn,svm,regression,123,500,test,RMSE,0.806746,gnn_svm_regression_seed-123_size-500.txt
gnn,svm,regression,123,500,test,MAE,0.607893,gnn_svm_regression_seed-123_size-500.txt
gnn,svm,regression,2137,10,validation,R2,-0.019146,gnn_svm_regression_seed-2137_size-10.txt
gnn,svm,regression,2137,10,validation,RMSE,1.19852,gnn_svm_regression_seed-2137_size-10.txt
gnn,svm,regression,2137,10,validation,MAE,0.969071,gnn_svm_regression_seed-2137_size-10.txt
gnn,svm,regression,2137,10,test,R2,-0.11712,gnn_svm_regression_seed-2137_size-10.txt
gnn,svm,regression,2137,10,test,RMSE,1.275774,gnn_svm_regression_seed-2137_size-10.txt
gnn,svm,regression,2137,10,test,MAE,1.063693,gnn_svm_regression_seed-2137_size-10.txt
gnn,svm,regression,2137,100,validation,R2,0.331642,gnn_svm_regression_seed-2137_size-100.txt
gnn,svm,regression,2137,100,validation,RMSE,0.970581,gnn_svm_regression_seed-2137_size-100.txt
gnn,svm,regression,2137,100,validation,MAE,0.763626,gnn_svm_regression_seed-2137_size-100.txt
gnn,svm,regression,2137,100,test,R2,0.359161,gnn_svm_regression_seed-2137_size-100.txt
gnn,svm,regression,2137,100,test,RMSE,0.96627,gnn_svm_regression_seed-2137_size-100.txt
gnn,svm,regression,2137,100,test,MAE,0.741349,gnn_svm_regression_seed-2137_size-100.txt
gnn,svm,regression,2137,20,validation,R2,0.062091,gnn_svm_regression_seed-2137_size-20.txt
gnn,svm,regression,2137,20,validation,RMSE,1.14976,gnn_svm_regression_seed-2137_size-20.txt
gnn,svm,regression,2137,20,validation,MAE,0.923155,gnn_svm_regression_seed-2137_size-20.txt
gnn,svm,regression,2137,20,test,R2,0.022059,gnn_svm_regression_seed-2137_size-20.txt
gnn,svm,regression,2137,20,test,RMSE,1.193659,gnn_svm_regression_seed-2137_size-20.txt
gnn,svm,regression,2137,20,test,MAE,0.978809,gnn_svm_regression_seed-2137_size-20.txt
gnn,svm,regression,2137,50,validation,R2,0.224939,gnn_svm_regression_seed-2137_size-50.txt
gnn,svm,regression,2137,50,validation,RMSE,1.045189,gnn_svm_regression_seed-2137_size-50.txt
gnn,svm,regression,2137,50,validation,MAE,0.840193,gnn_svm_regression_seed-2137_size-50.txt
gnn,svm,regression,2137,50,test,R2,0.251812,gnn_svm_regression_seed-2137_size-50.txt
gnn,svm,regression,2137,50,test,RMSE,1.044069,gnn_svm_regression_seed-2137_size-50.txt
gnn,svm,regression,2137,50,test,MAE,0.82298,gnn_svm_regression_seed-2137_size-50.txt
gnn,svm,regression,2137,500,validation,R2,0.495851,gnn_svm_regression_seed-2137_size-500.txt
gnn,svm,regression,2137,500,validation,RMSE,0.842959,gnn_svm_regression_seed-2137_size-500.txt
gnn,svm,regression,2137,500,validation,MAE,0.660663,gnn_svm_regression_seed-2137_size-500.txt
gnn,svm,regression,2137,500,test,R2,0.543655,gnn_svm_regression_seed-2137_size-500.txt
gnn,svm,regression,2137,500,test,RMSE,0.8154,gnn_svm_regression_seed-2137_size-500.txt
gnn,svm,regression,2137,500,test,MAE,0.632,gnn_svm_regression_seed-2137_size-500.txt
gnn,svm,regression,42,10,validation,R2,0.063244,gnn_svm_regression_seed-42_size-10.txt
gnn,svm,regression,42,10,validation,RMSE,1.188978,gnn_svm_regression_seed-42_size-10.txt
gnn,svm,regression,42,10,validation,MAE,1.002615,gnn_svm_regression_seed-42_size-10.txt
gnn,svm,regression,42,10,test,R2,0.071947,gnn_svm_regression_seed-42_size-10.txt
gnn,svm,regression,42,10,test,RMSE,1.183649,gnn_svm_regression_seed-42_size-10.txt
gnn,svm,regression,42,10,test,MAE,1.011324,gnn_svm_regression_seed-42_size-10.txt
gnn,svm,regression,42,100,validation,R2,0.360379,gnn_svm_regression_seed-42_size-100.txt
gnn,svm,regression,42,100,validation,RMSE,0.982475,gnn_svm_regression_seed-42_size-100.txt
gnn,svm,regression,42,100,validation,MAE,0.777398,gnn_svm_regression_seed-42_size-100.txt
gnn,svm,regression,42,100,test,R2,0.252393,gnn_svm_regression_seed-42_size-100.txt
gnn,svm,regression,42,100,test,RMSE,1.062364,gnn_svm_regression_seed-42_size-100.txt
gnn,svm,regression,42,100,test,MAE,0.786334,gnn_svm_regression_seed-42_size-100.txt
gnn,svm,regression,42,20,validation,R2,0.077316,gnn_svm_regression_seed-42_size-20.txt
gnn,svm,regression,42,20,validation,RMSE,1.180014,gnn_svm_regression_seed-42_size-20.txt
gnn,svm,regression,42,20,validation,MAE,0.957952,gnn_svm_regression_seed-42_size-20.txt
gnn,svm,regression,42,20,test,R2,0.03123,gnn_svm_regression_seed-42_size-20.txt
gnn,svm,regression,42,20,test,RMSE,1.209336,gnn_svm_regression_seed-42_size-20.txt
gnn,svm,regression,42,20,test,MAE,0.983694,gnn_svm_regression_seed-42_size-20.txt
gnn,svm,regression,42,50,validation,R2,0.364901,gnn_svm_regression_seed-42_size-50.txt
gnn,svm,regression,42,50,validation,RMSE,0.978996,gnn_svm_regression_seed-42_size-50.txt
gnn,svm,regression,42,50,validation,MAE,0.783396,gnn_svm_regression_seed-42_size-50.txt
gnn,svm,regression,42,50,test,R2,0.333784,gnn_svm_regression_seed-42_size-50.txt
gnn,svm,regression,42,50,test,RMSE,1.002869,gnn_svm_regression_seed-42_size-50.txt
gnn,svm,regression,42,50,test,MAE,0.77816,gnn_svm_regression_seed-42_size-50.txt
gnn,svm,regression,42,500,validation,R2,0.577135,gnn_svm_regression_seed-42_size-500.txt
gnn,svm,regression,42,500,validation,RMSE,0.798843,gnn_svm_regression_seed-42_size-500.txt
gnn,svm,regression,42,500,validation,MAE,0.620244,gnn_svm_regression_seed-42_size-500.txt
gnn,svm,regression,42,500,test,R2,0.580596,gnn_svm_regression_seed-42_size-500.txt
gnn,svm,regression,42,500,test,RMSE,0.795706,gnn_svm_regression_seed-42_size-500.txt
gnn,svm,regression,42,500,test,MAE,0.609393,gnn_svm_regression_seed-42_size-500.txt
gnn,xgboost,classification,123,10,validation,Accuracy,0.641994,gnn_xgboost_classification_seed-123_size-10.txt
gnn,xgboost,classification,123,10,validation,Precision,0.632212,gnn_xgboost_classification_seed-123_size-10.txt
gnn,xgboost,classification,123,10,validation,Recall,0.757925,gnn_xgboost_classification_seed-123_size-10.txt
gnn,xgboost,classification,123,10,validation,F1,0.689384,gnn_xgboost_classification_seed-123_size-10.txt
gnn,xgboost,classification,123,10,validation,ROC_AUC,0.636105,gnn_xgboost_classification_seed-123_size-10.txt
gnn,xgboost,classification,123,10,test,Accuracy,0.635371,gnn_xgboost_classification_seed-123_size-10.txt
gnn,xgboost,classification,123,10,test,Precision,0.636898,gnn_xgboost_classification_seed-123_size-10.txt
gnn,xgboost,classification,123,10,test,Recall,0.73842,gnn_xgboost_classification_seed-123_size-10.txt
gnn,xgboost,classification,123,10,test,F1,0.683912,gnn_xgboost_classification_seed-123_size-10.txt
gnn,xgboost,classification,123,10,test,ROC_AUC,0.627804,gnn_xgboost_classification_seed-123_size-10.txt
gnn,xgboost,classification,123,100,validation,Accuracy,0.731873,gnn_xgboost_classification_seed-123_size-100.txt
gnn,xgboost,classification,123,100,validation,Precision,0.754123,gnn_xgboost_classification_seed-123_size-100.txt
gnn,xgboost,classification,123,100,validation,Recall,0.724784,gnn_xgboost_classification_seed-123_size-100.txt
gnn,xgboost,classification,123,100,validation,F1,0.739162,gnn_xgboost_classification_seed-123_size-100.txt
gnn,xgboost,classification,123,100,validation,ROC_AUC,0.792304,gnn_xgboost_classification_seed-123_size-100.txt
gnn,xgboost,classification,123,100,test,Accuracy,0.723435,gnn_xgboost_classification_seed-123_size-100.txt
gnn,xgboost,classification,123,100,test,Precision,0.739189,gnn_xgboost_classification_seed-123_size-100.txt
gnn,xgboost,classification,123,100,test,Recall,0.745232,gnn_xgboost_classification_seed-123_size-100.txt
gnn,xgboost,classification,123,100,test,F1,0.742198,gnn_xgboost_classification_seed-123_size-100.txt
gnn,xgboost,classification,123,100,test,ROC_AUC,0.785912,gnn_xgboost_classification_seed-123_size-100.txt
gnn,xgboost,classification,123,20,validation,Accuracy,0.650302,gnn_xgboost_classification_seed-123_size-20.txt
gnn,xgboost,classification,123,20,validation,Precision,0.632,gnn_xgboost_classification_seed-123_size-20.txt
gnn,xgboost,classification,123,20,validation,Recall,0.79683,gnn_xgboost_classification_seed-123_size-20.txt
gnn,xgboost,classification,123,20,validation,F1,0.704908,gnn_xgboost_classification_seed-123_size-20.txt
gnn,xgboost,classification,123,20,validation,ROC_AUC,0.723495,gnn_xgboost_classification_seed-123_size-20.txt
gnn,xgboost,classification,123,20,test,Accuracy,0.696507,gnn_xgboost_classification_seed-123_size-20.txt
gnn,xgboost,classification,123,20,test,Precision,0.672846,gnn_xgboost_classification_seed-123_size-20.txt
gnn,xgboost,classification,123,20,test,Recall,0.840599,gnn_xgboost_classification_seed-123_size-20.txt
gnn,xgboost,classification,123,20,test,F1,0.747426,gnn_xgboost_classification_seed-123_size-20.txt
gnn,xgboost,classification,123,20,test,ROC_AUC,0.785067,gnn_xgboost_classification_seed-123_size-20.txt
gnn,xgboost,classification,123,50,validation,Accuracy,0.673716,gnn_xgboost_classification_seed-123_size-50.txt
gnn,xgboost,classification,123,50,validation,Precision,0.677507,gnn_xgboost_classification_seed-123_size-50.txt
gnn,xgboost,classification,123,50,validation,Recall,0.720461,gnn_xgboost_classification_seed-123_size-50.txt
gnn,xgboost,classification,123,50,validation,F1,0.698324,gnn_xgboost_classification_seed-123_size-50.txt
gnn,xgboost,classification,123,50,validation,ROC_AUC,0.738581,gnn_xgboost_classification_seed-123_size-50.txt
gnn,xgboost,classification,123,50,test,Accuracy,0.708879,gnn_xgboost_classification_seed-123_size-50.txt
gnn,xgboost,classification,123,50,test,Precision,0.720317,gnn_xgboost_classification_seed-123_size-50.txt
gnn,xgboost,classification,123,50,test,Recall,0.743869,gnn_xgboost_classification_seed-123_size-50.txt
gnn,xgboost,classification,123,50,test,F1,0.731903,gnn_xgboost_classification_seed-123_size-50.txt
gnn,xgboost,classification,123,50,test,ROC_AUC,0.761468,gnn_xgboost_classification_seed-123_size-50.txt
gnn,xgboost,classification,123,500,validation,Accuracy,0.80287,gnn_xgboost_classification_seed-123_size-500.txt
gnn,xgboost,classification,123,500,validation,Precision,0.837754,gnn_xgboost_classification_seed-123_size-500.txt
gnn,xgboost,classification,123,500,validation,Recall,0.773775,gnn_xgboost_classification_seed-123_size-500.txt
gnn,xgboost,classification,123,500,validation,F1,0.804494,gnn_xgboost_classification_seed-123_size-500.txt
gnn,xgboost,classification,123,500,validation,ROC_AUC,0.877419,gnn_xgboost_classification_seed-123_size-500.txt
gnn,xgboost,classification,123,500,test,Accuracy,0.83115,gnn_xgboost_classification_seed-123_size-500.txt
gnn,xgboost,classification,123,500,test,Precision,0.837366,gnn_xgboost_classification_seed-123_size-500.txt
gnn,xgboost,classification,123,500,test,Recall,0.848774,gnn_xgboost_classification_seed-123_size-500.txt
gnn,xgboost,classification,123,500,test,F1,0.843031,gnn_xgboost_classification_seed-123_size-500.txt
gnn,xgboost,classification,123,500,test,ROC_AUC,0.898538,gnn_xgboost_classification_seed-123_size-500.txt
gnn,xgboost,classification,2137,10,validation,Accuracy,0.590438,gnn_xgboost_classification_seed-2137_size-10.txt
gnn,xgboost,classification,2137,10,validation,Precision,0.571292,gnn_xgboost_classification_seed-2137_size-10.txt
gnn,xgboost,classification,2137,10,validation,Recall,0.900452,gnn_xgboost_classification_seed-2137_size-10.txt
gnn,xgboost,classification,2137,10,validation,F1,0.699063,gnn_xgboost_classification_seed-2137_size-10.txt
gnn,xgboost,classification,2137,10,validation,ROC_AUC,0.654451,gnn_xgboost_classification_seed-2137_size-10.txt
gnn,xgboost,classification,2137,10,test,Accuracy,0.494264,gnn_xgboost_classification_seed-2137_size-10.txt
gnn,xgboost,classification,2137,10,test,Precision,0.45993,gnn_xgboost_classification_seed-2137_size-10.txt
gnn,xgboost,classification,2137,10,test,Recall,0.86087,gnn_xgboost_classification_seed-2137_size-10.txt
gnn,xgboost,classification,2137,10,test,F1,0.599546,gnn_xgboost_classification_seed-2137_size-10.txt
gnn,xgboost,classification,2137,10,test,ROC_AUC,0.606405,gnn_xgboost_classification_seed-2137_size-10.txt
gnn,xgboost,classification,2137,100,validation,Accuracy,0.686853,gnn_xgboost_classification_seed-2137_size-100.txt
gnn,xgboost,classification,2137,100,validation,Precision,0.709627,gnn_xgboost_classification_seed-2137_size-100.txt
gnn,xgboost,classification,2137,100,validation,Recall,0.689291,gnn_xgboost_classification_seed-2137_size-100.txt
gnn,xgboost,classification,2137,100,validation,F1,0.699311,gnn_xgboost_classification_seed-2137_size-100.txt
gnn,xgboost,classification,2137,100,validation,ROC_AUC,0.739359,gnn_xgboost_classification_seed-2137_size-100.txt
gnn,xgboost,classification,2137,100,test,Accuracy,0.731358,gnn_xgboost_classification_seed-2137_size-100.txt
gnn,xgboost,classification,2137,100,test,Precision,0.66855,gnn_xgboost_classification_seed-2137_size-100.txt
gnn,xgboost,classification,2137,100,test,Recall,0.771739,gnn_xgboost_classification_seed-2137_size-100.txt
gnn,xgboost,classification,2137,100,test,F1,0.716448,gnn_xgboost_classification_seed-2137_size-100.txt
gnn,xgboost,classification,2137,100,test,ROC_AUC,0.808215,gnn_xgboost_classification_seed-2137_size-100.txt
gnn,xgboost,classification,2137,20,validation,Accuracy,0.639044,gnn_xgboost_classification_seed-2137_size-20.txt
gnn,xgboost,classification,2137,20,validation,Precision,0.703488,gnn_xgboost_classification_seed-2137_size-20.txt
gnn,xgboost,classification,2137,20,validation,Recall,0.547511,gnn_xgboost_classification_seed-2137_size-20.txt
gnn,xgboost,classification,2137,20,validation,F1,0.615776,gnn_xgboost_classification_seed-2137_size-20.txt
gnn,xgboost,classification,2137,20,validation,ROC_AUC,0.685138,gnn_xgboost_classification_seed-2137_size-20.txt
gnn,xgboost,classification,2137,20,test,Accuracy,0.672084,gnn_xgboost_classification_seed-2137_size-20.txt
gnn,xgboost,classification,2137,20,test,Precision,0.625268,gnn_xgboost_classification_seed-2137_size-20.txt
gnn,xgboost,classification,2137,20,test,Recall,0.634783,gnn_xgboost_classification_seed-2137_size-20.txt
gnn,xgboost,classification,2137,20,test,F1,0.629989,gnn_xgboost_classification_seed-2137_size-20.txt
gnn,xgboost,classification,2137,20,test,ROC_AUC,0.717835,gnn_xgboost_classification_seed-2137_size-20.txt
gnn,xgboost,classification,2137,50,validation,Accuracy,0.658167,gnn_xgboost_classification_seed-2137_size-50.txt
gnn,xgboost,classification,2137,50,validation,Precision,0.657258,gnn_xgboost_classification_seed-2137_size-50.txt
gnn,xgboost,classification,2137,50,validation,Recall,0.737557,gnn_xgboost_classification_seed-2137_size-50.txt
gnn,xgboost,classification,2137,50,validation,F1,0.695096,gnn_xgboost_classification_seed-2137_size-50.txt
gnn,xgboost,classification,2137,50,validation,ROC_AUC,0.712235,gnn_xgboost_classification_seed-2137_size-50.txt
gnn,xgboost,classification,2137,50,test,Accuracy,0.675908,gnn_xgboost_classification_seed-2137_size-50.txt
gnn,xgboost,classification,2137,50,test,Precision,0.59409,gnn_xgboost_classification_seed-2137_size-50.txt
gnn,xgboost,classification,2137,50,test,Recall,0.830435,gnn_xgboost_classification_seed-2137_size-50.txt
gnn,xgboost,classification,2137,50,test,F1,0.692656,gnn_xgboost_classification_seed-2137_size-50.txt
gnn,xgboost,classification,2137,50,test,ROC_AUC,0.744089,gnn_xgboost_classification_seed-2137_size-50.txt
gnn,xgboost,classification,2137,500,validation,Accuracy,0.777689,gnn_xgboost_classification_seed-2137_size-500.txt
gnn,xgboost,classification,2137,500,validation,Precision,0.788288,gnn_xgboost_classification_seed-2137_size-500.txt
gnn,xgboost,classification,2137,500,validation,Recall,0.791855,gnn_xgboost_classification_seed-2137_size-500.txt
gnn,xgboost,classification,2137,500,validation,F1,0.790068,gnn_xgboost_classification_seed-2137_size-500.txt
gnn,xgboost,classification,2137,500,validation,ROC_AUC,0.848792,gnn_xgboost_classification_seed-2137_size-500.txt
gnn,xgboost,classification,2137,500,test,Accuracy,0.808795,gnn_xgboost_classification_seed-2137_size-500.txt
gnn,xgboost,classification,2137,500,test,Precision,0.748092,gnn_xgboost_classification_seed-2137_size-500.txt
gnn,xgboost,classification,2137,500,test,Recall,0.852174,gnn_xgboost_classification_seed-2137_size-500.txt
gnn,xgboost,classification,2137,500,test,F1,0.796748,gnn_xgboost_classification_seed-2137_size-500.txt
gnn,xgboost,classification,2137,500,test,ROC_AUC,0.890627,gnn_xgboost_classification_seed-2137_size-500.txt
gnn,xgboost,classification,42,10,validation,Accuracy,0.630068,gnn_xgboost_classification_seed-42_size-10.txt
gnn,xgboost,classification,42,10,validation,Precision,0.668097,gnn_xgboost_classification_seed-42_size-10.txt
gnn,xgboost,classification,42,10,validation,Recall,0.693908,gnn_xgboost_classification_seed-42_size-10.txt
gnn,xgboost,classification,42,10,validation,F1,0.680758,gnn_xgboost_classification_seed-42_size-10.txt
gnn,xgboost,classification,42,10,validation,ROC_AUC,0.619948,gnn_xgboost_classification_seed-42_size-10.txt
gnn,xgboost,classification,42,10,test,Accuracy,0.568885,gnn_xgboost_classification_seed-42_size-10.txt
gnn,xgboost,classification,42,10,test,Precision,0.618467,gnn_xgboost_classification_seed-42_size-10.txt
gnn,xgboost,classification,42,10,test,Recall,0.595638,gnn_xgboost_classification_seed-42_size-10.txt
gnn,xgboost,classification,42,10,test,F1,0.606838,gnn_xgboost_classification_seed-42_size-10.txt
gnn,xgboost,classification,42,10,test,ROC_AUC,0.565335,gnn_xgboost_classification_seed-42_size-10.txt
gnn,xgboost,classification,42,100,validation,Accuracy,0.75,gnn_xgboost_classification_seed-42_size-100.txt
gnn,xgboost,classification,42,100,validation,Precision,0.773585,gnn_xgboost_classification_seed-42_size-100.txt
gnn,xgboost,classification,42,100,validation,Recall,0.791976,gnn_xgboost_classification_seed-42_size-100.txt
gnn,xgboost,classification,42,100,validation,F1,0.782673,gnn_xgboost_classification_seed-42_size-100.txt
gnn,xgboost,classification,42,100,validation,ROC_AUC,0.816723,gnn_xgboost_classification_seed-42_size-100.txt
gnn,xgboost,classification,42,100,test,Accuracy,0.733833,gnn_xgboost_classification_seed-42_size-100.txt
gnn,xgboost,classification,42,100,test,Precision,0.754902,gnn_xgboost_classification_seed-42_size-100.txt
gnn,xgboost,classification,42,100,test,Recall,0.775168,gnn_xgboost_classification_seed-42_size-100.txt
gnn,xgboost,classification,42,100,test,F1,0.764901,gnn_xgboost_classification_seed-42_size-100.txt
gnn,xgboost,classification,42,100,test,ROC_AUC,0.803976,gnn_xgboost_classification_seed-42_size-100.txt
gnn,xgboost,classification,42,20,validation,Accuracy,0.625,gnn_xgboost_classification_seed-42_size-20.txt
gnn,xgboost,classification,42,20,validation,Precision,0.6268,gnn_xgboost_classification_seed-42_size-20.txt
gnn,xgboost,classification,42,20,validation,Recall,0.84101,gnn_xgboost_classification_seed-42_size-20.txt
gnn,xgboost,classification,42,20,validation,F1,0.718274,gnn_xgboost_classification_seed-42_size-20.txt
gnn,xgboost,classification,42,20,validation,ROC_AUC,0.599194,gnn_xgboost_classification_seed-42_size-20.txt
gnn,xgboost,classification,42,20,test,Accuracy,0.612933,gnn_xgboost_classification_seed-42_size-20.txt
gnn,xgboost,classification,42,20,test,Precision,0.622819,gnn_xgboost_classification_seed-42_size-20.txt
gnn,xgboost,classification,42,20,test,Recall,0.778523,gnn_xgboost_classification_seed-42_size-20.txt
gnn,xgboost,classification,42,20,test,F1,0.692021,gnn_xgboost_classification_seed-42_size-20.txt
gnn,xgboost,classification,42,20,test,ROC_AUC,0.584333,gnn_xgboost_classification_seed-42_size-20.txt
gnn,xgboost,classification,42,50,validation,Accuracy,0.717061,gnn_xgboost_classification_seed-42_size-50.txt
gnn,xgboost,classification,42,50,validation,Precision,0.701671,gnn_xgboost_classification_seed-42_size-50.txt
gnn,xgboost,classification,42,50,validation,Recall,0.8737,gnn_xgboost_classification_seed-42_size-50.txt
gnn,xgboost,classification,42,50,validation,F1,0.778293,gnn_xgboost_classification_seed-42_size-50.txt
gnn,xgboost,classification,42,50,validation,ROC_AUC,0.771478,gnn_xgboost_classification_seed-42_size-50.txt
gnn,xgboost,classification,42,50,test,Accuracy,0.697282,gnn_xgboost_classification_seed-42_size-50.txt
gnn,xgboost,classification,42,50,test,Precision,0.694168,gnn_xgboost_classification_seed-42_size-50.txt
gnn,xgboost,classification,42,50,test,Recall,0.818792,gnn_xgboost_classification_seed-42_size-50.txt
gnn,xgboost,classification,42,50,test,F1,0.751347,gnn_xgboost_classification_seed-42_size-50.txt
gnn,xgboost,classification,42,50,test,ROC_AUC,0.767906,gnn_xgboost_classification_seed-42_size-50.txt
gnn,xgboost,classification,42,500,validation,Accuracy,0.839527,gnn_xgboost_classification_seed-42_size-500.txt
gnn,xgboost,classification,42,500,validation,Precision,0.842553,gnn_xgboost_classification_seed-42_size-500.txt
gnn,xgboost,classification,42,500,validation,Recall,0.882615,gnn_xgboost_classification_seed-42_size-500.txt
gnn,xgboost,classification,42,500,validation,F1,0.862119,gnn_xgboost_classification_seed-42_size-500.txt
gnn,xgboost,classification,42,500,validation,ROC_AUC,0.915909,gnn_xgboost_classification_seed-42_size-500.txt
gnn,xgboost,classification,42,500,test,Accuracy,0.828491,gnn_xgboost_classification_seed-42_size-500.txt
gnn,xgboost,classification,42,500,test,Precision,0.831461,gnn_xgboost_classification_seed-42_size-500.txt
gnn,xgboost,classification,42,500,test,Recall,0.869128,gnn_xgboost_classification_seed-42_size-500.txt
gnn,xgboost,classification,42,500,test,F1,0.849877,gnn_xgboost_classification_seed-42_size-500.txt
gnn,xgboost,classification,42,500,test,ROC_AUC,0.911387,gnn_xgboost_classification_seed-42_size-500.txt
gnn,xgboost,regression,123,10,validation,R2,-0.025716,gnn_xgboost_regression_seed-123_size-10.txt
gnn,xgboost,regression,123,10,validation,RMSE,1.245193,gnn_xgboost_regression_seed-123_size-10.txt
gnn,xgboost,regression,123,10,validation,MAE,1.003855,gnn_xgboost_regression_seed-123_size-10.txt
gnn,xgboost,regression,123,10,test,R2,-0.054842,gnn_xgboost_regression_seed-123_size-10.txt
gnn,xgboost,regression,123,10,test,RMSE,1.252733,gnn_xgboost_regression_seed-123_size-10.txt
gnn,xgboost,regression,123,10,test,MAE,1.013349,gnn_xgboost_regression_seed-123_size-10.txt
gnn,xgboost,regression,123,100,validation,R2,0.26919,gnn_xgboost_regression_seed-123_size-100.txt
gnn,xgboost,regression,123,100,validation,RMSE,1.051055,gnn_xgboost_regression_seed-123_size-100.txt
gnn,xgboost,regression,123,100,validation,MAE,0.852218,gnn_xgboost_regression_seed-123_size-100.txt
gnn,xgboost,regression,123,100,test,R2,0.260297,gnn_xgboost_regression_seed-123_size-100.txt
gnn,xgboost,regression,123,100,test,RMSE,1.049044,gnn_xgboost_regression_seed-123_size-100.txt
gnn,xgboost,regression,123,100,test,MAE,0.830051,gnn_xgboost_regression_seed-123_size-100.txt
gnn,xgboost,regression,123,20,validation,R2,0.129457,gnn_xgboost_regression_seed-123_size-20.txt
gnn,xgboost,regression,123,20,validation,RMSE,1.147145,gnn_xgboost_regression_seed-123_size-20.txt
gnn,xgboost,regression,123,20,validation,MAE,0.935207,gnn_xgboost_regression_seed-123_size-20.txt
gnn,xgboost,regression,123,20,test,R2,0.152172,gnn_xgboost_regression_seed-123_size-20.txt
gnn,xgboost,regression,123,20,test,RMSE,1.123101,gnn_xgboost_regression_seed-123_size-20.txt
gnn,xgboost,regression,123,20,test,MAE,0.900932,gnn_xgboost_regression_seed-123_size-20.txt
gnn,xgboost,regression,123,50,validation,R2,0.129195,gnn_xgboost_regression_seed-123_size-50.txt
gnn,xgboost,regression,123,50,validation,RMSE,1.147318,gnn_xgboost_regression_seed-123_size-50.txt
gnn,xgboost,regression,123,50,validation,MAE,0.93689,gnn_xgboost_regression_seed-123_size-50.txt
gnn,xgboost,regression,123,50,test,R2,0.143684,gnn_xgboost_regression_seed-123_size-50.txt
gnn,xgboost,regression,123,50,test,RMSE,1.128709,gnn_xgboost_regression_seed-123_size-50.txt
gnn,xgboost,regression,123,50,test,MAE,0.917857,gnn_xgboost_regression_seed-123_size-50.txt
gnn,xgboost,regression,123,500,validation,R2,0.459627,gnn_xgboost_regression_seed-123_size-500.txt
gnn,xgboost,regression,123,500,validation,RMSE,0.903795,gnn_xgboost_regression_seed-123_size-500.txt
gnn,xgboost,regression,123,500,validation,MAE,0.700665,gnn_xgboost_regression_seed-123_size-500.txt
gnn,xgboost,regression,123,500,test,R2,0.510269,gnn_xgboost_regression_seed-123_size-500.txt
gnn,xgboost,regression,123,500,test,RMSE,0.853579,gnn_xgboost_regression_seed-123_size-500.txt
gnn,xgboost,regression,123,500,test,MAE,0.650762,gnn_xgboost_regression_seed-123_size-500.txt
gnn,xgboost,regression,2137,10,validation,R2,-0.12088,gnn_xgboost_regression_seed-2137_size-10.txt
gnn,xgboost,regression,2137,10,validation,RMSE,1.256917,gnn_xgboost_regression_seed-2137_size-10.txt
gnn,xgboost,regression,2137,10,validation,MAE,1.021195,gnn_xgboost_regression_seed-2137_size-10.txt
gnn,xgboost,regression,2137,10,test,R2,-0.349255,gnn_xgboost_regression_seed-2137_size-10.txt
gnn,xgboost,regression,2137,10,test,RMSE,1.402074,gnn_xgboost_regression_seed-2137_size-10.txt
gnn,xgboost,regression,2137,10,test,MAE,1.165807,gnn_xgboost_regression_seed-2137_size-10.txt
gnn,xgboost,regression,2137,100,validation,R2,0.237743,gnn_xgboost_regression_seed-2137_size-100.txt
gnn,xgboost,regression,2137,100,validation,RMSE,1.03652,gnn_xgboost_regression_seed-2137_size-100.txt
gnn,xgboost,regression,2137,100,validation,MAE,0.822097,gnn_xgboost_regression_seed-2137_size-100.txt
gnn,xgboost,regression,2137,100,test,R2,0.233574,gnn_xgboost_regression_seed-2137_size-100.txt
gnn,xgboost,regression,2137,100,test,RMSE,1.056718,gnn_xgboost_regression_seed-2137_size-100.txt
gnn,xgboost,regression,2137,100,test,MAE,0.824691,gnn_xgboost_regression_seed-2137_size-100.txt
gnn,xgboost,regression,2137,20,validation,R2,-0.109318,gnn_xgboost_regression_seed-2137_size-20.txt
gnn,xgboost,regression,2137,20,validation,RMSE,1.250417,gnn_xgboost_regression_seed-2137_size-20.txt
gnn,xgboost,regression,2137,20,validation,MAE,1.022295,gnn_xgboost_regression_seed-2137_size-20.txt
gnn,xgboost,regression,2137,20,test,R2,0.037162,gnn_xgboost_regression_seed-2137_size-20.txt
gnn,xgboost,regression,2137,20,test,RMSE,1.184406,gnn_xgboost_regression_seed-2137_size-20.txt
gnn,xgboost,regression,2137,20,test,MAE,0.954473,gnn_xgboost_regression_seed-2137_size-20.txt
gnn,xgboost,regression,2137,50,validation,R2,0.140432,gnn_xgboost_regression_seed-2137_size-50.txt
gnn,xgboost,regression,2137,50,validation,RMSE,1.100695,gnn_xgboost_regression_seed-2137_size-50.txt
gnn,xgboost,regression,2137,50,validation,MAE,0.872447,gnn_xgboost_regression_seed-2137_size-50.txt
gnn,xgboost,regression,2137,50,test,R2,0.114174,gnn_xgboost_regression_seed-2137_size-50.txt
gnn,xgboost,regression,2137,50,test,RMSE,1.136052,gnn_xgboost_regression_seed-2137_size-50.txt
gnn,xgboost,regression,2137,50,test,MAE,0.897783,gnn_xgboost_regression_seed-2137_size-50.txt
gnn,xgboost,regression,2137,500,validation,R2,0.431729,gnn_xgboost_regression_seed-2137_size-500.txt
gnn,xgboost,regression,2137,500,validation,RMSE,0.894963,gnn_xgboost_regression_seed-2137_size-500.txt
gnn,xgboost,regression,2137,500,validation,MAE,0.712804,gnn_xgboost_regression_seed-2137_size-500.txt
gnn,xgboost,regression,2137,500,test,R2,0.493243,gnn_xgboost_regression_seed-2137_size-500.txt
gnn,xgboost,regression,2137,500,test,RMSE,0.859258,gnn_xgboost_regression_seed-2137_size-500.txt
gnn,xgboost,regression,2137,500,test,MAE,0.667923,gnn_xgboost_regression_seed-2137_size-500.txt
gnn,xgboost,regression,42,10,validation,R2,0.087058,gnn_xgboost_regression_seed-42_size-10.txt
gnn,xgboost,regression,42,10,validation,RMSE,1.173767,gnn_xgboost_regression_seed-42_size-10.txt
gnn,xgboost,regression,42,10,validation,MAE,0.962195,gnn_xgboost_regression_seed-42_size-10.txt
gnn,xgboost,regression,42,10,test,R2,0.035608,gnn_xgboost_regression_seed-42_size-10.txt
gnn,xgboost,regression,42,10,test,RMSE,1.2066,gnn_xgboost_regression_seed-42_size-10.txt
gnn,xgboost,regression,42,10,test,MAE,1.008905,gnn_xgboost_regression_seed-42_size-10.txt
gnn,xgboost,regression,42,100,validation,R2,0.312247,gnn_xgboost_regression_seed-42_size-100.txt
gnn,xgboost,regression,42,100,validation,RMSE,1.018771,gnn_xgboost_regression_seed-42_size-100.txt
gnn,xgboost,regression,42,100,validation,MAE,0.817364,gnn_xgboost_regression_seed-42_size-100.txt
gnn,xgboost,regression,42,100,test,R2,0.252105,gnn_xgboost_regression_seed-42_size-100.txt
gnn,xgboost,regression,42,100,test,RMSE,1.062568,gnn_xgboost_regression_seed-42_size-100.txt
gnn,xgboost,regression,42,100,test,MAE,0.845481,gnn_xgboost_regression_seed-42_size-100.txt
gnn,xgboost,regression,42,20,validation,R2,0.037819,gnn_xgboost_regression_seed-42_size-20.txt
gnn,xgboost,regression,42,20,validation,RMSE,1.205005,gnn_xgboost_regression_seed-42_size-20.txt
gnn,xgboost,regression,42,20,validation,MAE,0.987644,gnn_xgboost_regression_seed-42_size-20.txt
gnn,xgboost,regression,42,20,test,R2,-0.008546,gnn_xgboost_regression_seed-42_size-20.txt
gnn,xgboost,regression,42,20,test,RMSE,1.233913,gnn_xgboost_regression_seed-42_size-20.txt
gnn,xgboost,regression,42,20,test,MAE,1.022536,gnn_xgboost_regression_seed-42_size-20.txt
gnn,xgboost,regression,42,50,validation,R2,0.171147,gnn_xgboost_regression_seed-42_size-50.txt
gnn,xgboost,regression,42,50,validation,RMSE,1.118406,gnn_xgboost_regression_seed-42_size-50.txt
gnn,xgboost,regression,42,50,validation,MAE,0.87854,gnn_xgboost_regression_seed-42_size-50.txt
gnn,xgboost,regression,42,50,test,R2,0.150315,gnn_xgboost_regression_seed-42_size-50.txt
gnn,xgboost,regression,42,50,test,RMSE,1.132571,gnn_xgboost_regression_seed-42_size-50.txt
gnn,xgboost,regression,42,50,test,MAE,0.904527,gnn_xgboost_regression_seed-42_size-50.txt
gnn,xgboost,regression,42,500,validation,R2,0.495728,gnn_xgboost_regression_seed-42_size-500.txt
gnn,xgboost,regression,42,500,validation,RMSE,0.872354,gnn_xgboost_regression_seed-42_size-500.txt
gnn,xgboost,regression,42,500,validation,MAE,0.675356,gnn_xgboost_regression_seed-42_size-500.txt
gnn,xgboost,regression,42,500,test,R2,0.522484,gnn_xgboost_regression_seed-42_size-500.txt
gnn,xgboost,regression,42,500,test,RMSE,0.849044,gnn_xgboost_regression_seed-42_size-500.txt
gnn,xgboost,regression,42,500,test,MAE,0.661105,gnn_xgboost_regression_seed-42_size-500.txt
